t_seconds,client,account_returned,x_cache_status
0.07,household33,household33,MISS
0.072,household13,household33,HIT
0.073,household03,household33,HIT
0.073,household15,household33,HIT
0.073,household16,household33,HIT
0.084,household31,household33,HIT
0.127,household02,household33,HIT
0.136,household27,household33,HIT
0.18,household01,household33,HIT
0.187,household06,household33,HIT
0.204,household26,household33,HIT
0.219,household11,household33,HIT
0.247,household36,household33,HIT
0.251,household40,household33,HIT
0.289,household10,household33,HIT
0.301,household23,household33,HIT
0.306,household38,household33,HIT
0.307,household09,household33,HIT
0.312,household12,household33,HIT
0.317,household37,household33,HIT
0.321,household29,household33,HIT
0.332,household22,household33,HIT
0.345,household17,household33,HIT
0.348,household20,household33,HIT
0.356,household07,household33,HIT
0.373,household21,household33,HIT
0.398,household05,household33,HIT
0.399,household34,household33,HIT
0.466,household18,household33,HIT
0.485,household08,household33,HIT
0.503,household19,household33,HIT
0.542,household39,household33,HIT
0.562,household32,household33,HIT
0.58,household35,household33,HIT
0.679,household04,household33,HIT
0.742,household24,household33,HIT
0.898,household25,household33,HIT
0.908,household30,household33,HIT
0.965,household14,household33,HIT
0.969,household28,household33,HIT
1.075,household15,household33,HIT
1.077,household16,household33,HIT
1.113,household31,household33,HIT
1.165,household13,household33,HIT
1.177,household33,household33,HIT
1.201,household02,household33,HIT
1.214,household03,household33,HIT
1.225,household06,household33,HIT
1.253,household01,household33,HIT
1.266,household26,household33,HIT
1.303,household27,household33,HIT
1.323,household40,household33,HIT
1.373,household37,household33,HIT
1.374,household07,household33,HIT
1.374,household38,household33,HIT
1.384,household11,household33,HIT
1.392,household36,household33,HIT
1.437,household12,household33,HIT
1.449,household34,household33,HIT
1.455,household21,household33,HIT
1.456,household22,household33,HIT
1.466,household20,household33,HIT
1.477,household09,household33,HIT
1.477,household10,household33,HIT
1.485,household23,household33,HIT
1.494,household05,household33,HIT
1.498,household17,household33,HIT
1.502,household08,household33,HIT
1.514,household29,household33,HIT
1.54,household19,household33,HIT
1.622,household18,household33,HIT
1.68,household32,household33,HIT
1.721,household35,household33,HIT
1.723,household39,household33,HIT
1.814,household04,household33,HIT
1.875,household24,household33,HIT
1.985,household30,household33,HIT
1.994,household14,household33,HIT
2.043,household25,household33,HIT
2.129,household28,household33,HIT
2.141,household15,household33,HIT
2.189,household13,household33,HIT
2.222,household33,household33,HIT
2.223,household16,household33,HIT
2.289,household26,household33,HIT
2.294,household31,household33,HIT
2.338,household06,household33,HIT
2.352,household02,household33,HIT
2.387,household03,household33,HIT
2.412,household01,household33,HIT
2.442,household07,household33,HIT
2.447,household38,household33,HIT
2.449,household36,household33,HIT
2.46,household27,household33,HIT
2.461,household34,household33,HIT
2.488,household21,household33,HIT
2.499,household22,household33,HIT
2.506,household05,household33,HIT
2.522,household40,household33,HIT
2.544,household23,household33,HIT
2.544,household37,household33,HIT
2.547,household08,household33,HIT
2.557,household11,household33,HIT
2.558,household12,household33,HIT
2.599,household20,household33,HIT
2.631,household09,household33,HIT
2.641,household17,household33,HIT
2.648,household10,household33,HIT
2.662,household29,household33,HIT
2.705,household18,household33,HIT
2.72,household19,household33,HIT
2.732,household39,household33,HIT
2.8,household35,household33,HIT
2.832,household32,household33,HIT
2.906,household04,household33,HIT
3.027,household24,household33,HIT
3.04,household30,household33,HIT
3.11,household25,household33,HIT
3.128,household14,household33,HIT
3.164,household15,household33,HIT
3.173,household28,household33,HIT
3.208,household13,household33,HIT
3.242,household33,household33,HIT
3.295,household31,household33,HIT
3.397,household16,household33,HIT
3.401,household26,household33,HIT
3.416,household06,household33,HIT
3.464,household07,household33,HIT
3.48,household27,household33,HIT
3.49,household02,household33,HIT
3.545,household36,household33,HIT
3.561,household05,household33,HIT
3.578,household03,household33,HIT
3.578,household40,household33,HIT
3.594,household01,household33,HIT
3.606,household37,household33,HIT
3.613,household22,household33,HIT
3.619,household38,household33,HIT
3.639,household23,household33,HIT
3.651,household08,household33,HIT
3.654,household34,household33,HIT
3.657,household12,household33,HIT
3.686,household20,household33,HIT
3.687,household21,household33,HIT
3.745,household11,household33,HIT
3.757,household17,household33,HIT
3.782,household10,household33,HIT
3.816,household29,household33,HIT
3.828,household09,household33,HIT
3.88,household35,household33,HIT
3.884,household39,household33,HIT
3.9,household18,household33,HIT
3.92,household19,household33,HIT
3.984,household04,household33,HIT
4.029,household32,household33,HIT
4.124,household24,household33,HIT
4.21,household30,household33,HIT
4.24,household25,household33,HIT
4.246,household14,household33,HIT
4.276,household28,household33,HIT
4.33,household31,household33,HIT
4.347,household15,household33,HIT
4.407,household13,household33,HIT
4.425,household26,household33,HIT
4.439,household33,household33,HIT
4.473,household16,household33,HIT
4.478,household06,household33,HIT
4.497,household27,household33,HIT
4.567,household36,household33,HIT
4.611,household02,household33,HIT
4.625,household07,household33,HIT
4.652,household03,household33,HIT
4.662,household22,household33,HIT
4.684,household08,household33,HIT
4.687,household34,household33,HIT
4.689,household05,household33,HIT
4.734,household12,household33,HIT
4.771,household38,household33,HIT
4.776,household40,household33,HIT
4.777,household23,household33,HIT
4.786,household01,household33,HIT
4.786,household21,household33,HIT
4.79,household20,household33,HIT
4.795,household37,household33,HIT
4.823,household29,household33,HIT
4.838,household11,household33,HIT
4.871,household09,household33,HIT
4.938,household17,household33,HIT
4.961,household19,household33,HIT
4.969,household18,household33,HIT
4.978,household10,household33,HIT
4.98,household39,household33,HIT
4.992,household35,household33,HIT
5.128,household04,household33,HIT
5.199,household24,household33,HIT
5.204,household32,household33,HIT
5.268,household30,household33,HIT
5.3,household14,household33,HIT
5.333,household28,household33,HIT
5.415,household15,household33,HIT
5.417,household25,household33,HIT
5.452,household31,household33,HIT
5.463,household26,household33,HIT
5.48,household06,household33,HIT
5.512,household13,household33,HIT
5.528,household33,household33,HIT
5.634,household16,household33,HIT
5.648,household07,household33,HIT
5.652,household27,household33,HIT
5.678,household36,household33,HIT
5.709,household08,household33,HIT
5.743,household02,household33,HIT
5.761,household05,household33,HIT
5.793,household12,household12,EXPIRED
5.818,household23,household12,HIT
5.823,household40,household12,HIT
5.834,household37,household12,HIT
5.837,household03,household12,HIT
5.838,household01,household12,HIT
5.839,household34,household12,HIT
5.842,household22,household12,HIT
5.846,household29,household12,HIT
5.847,household20,household12,HIT
5.914,household11,household12,HIT
5.962,household21,household12,HIT
5.965,household09,household12,HIT
5.966,household38,household12,HIT
6.014,household19,household12,HIT
6.016,household17,household12,HIT
6.078,household35,household12,HIT
6.115,household10,household12,HIT
6.144,household18,household12,HIT
6.15,household04,household12,HIT
6.175,household39,household12,HIT
6.252,household24,household12,HIT
6.403,household32,household12,HIT
6.412,household14,household12,HIT
6.441,household30,household12,HIT
6.479,household31,household12,HIT
6.509,household28,household12,HIT
6.512,household13,household12,HIT
6.519,household26,household12,HIT
6.553,household06,household12,HIT
6.558,household33,household12,HIT
6.584,household15,household12,HIT
6.595,household25,household12,HIT
6.686,household36,household12,HIT
6.737,household07,household12,HIT
6.767,household27,household12,HIT
6.781,household16,household12,HIT
6.84,household37,household12,HIT
6.853,household08,household12,HIT
6.86,household34,household12,HIT
6.881,household03,household12,HIT
6.923,household22,household12,HIT
6.925,household02,household12,HIT
6.935,household05,household12,HIT
6.96,household11,household12,HIT
6.968,household40,household12,HIT
6.978,household21,household12,HIT
6.989,household12,household12,HIT
6.993,household01,household12,HIT
7.007,household20,household12,HIT
7.008,household29,household12,HIT
7.011,household23,household12,HIT
7.044,household09,household12,HIT
7.109,household38,household12,HIT
7.123,household19,household12,HIT
7.13,household35,household12,HIT
7.176,household10,household12,HIT
7.209,household17,household12,HIT
7.227,household04,household12,HIT
7.248,household18,household12,HIT
7.306,household39,household12,HIT
7.366,household24,household12,HIT
7.424,household14,household12,HIT
7.449,household32,household12,HIT
7.484,household31,household12,HIT
7.548,household30,household12,HIT
7.582,household06,household12,HIT
7.59,household28,household12,HIT
7.644,household13,household12,HIT
7.644,household26,household12,HIT
7.701,household33,household12,HIT
7.716,household25,household12,HIT
7.759,household07,household12,HIT
7.771,household15,household12,HIT
7.793,household36,household12,HIT
7.858,household27,household12,HIT
7.879,household37,household12,HIT
7.88,household34,household12,HIT
7.881,household16,household12,HIT
7.98,household03,household12,HIT
7.996,household02,household12,HIT
8.019,household08,household12,HIT
8.032,household12,household12,HIT
8.095,household21,household12,HIT
8.098,household11,household12,HIT
8.108,household05,household12,HIT
8.115,household38,household12,HIT
8.118,household23,household12,HIT
8.122,household22,household12,HIT
8.138,household40,household12,HIT
8.156,household01,household12,HIT
8.175,household29,household12,HIT
8.19,household20,household12,HIT
8.236,household09,household12,HIT
8.283,household19,household12,HIT
8.305,household17,household12,HIT
8.31,household18,household12,HIT
8.318,household35,household12,HIT
8.348,household39,household12,HIT
8.353,household10,household12,HIT
8.396,household04,household12,HIT
8.456,household24,household12,HIT
8.508,household32,household12,HIT
8.538,household14,household12,HIT
8.546,household31,household12,HIT
8.586,household06,household12,HIT
8.632,household30,household12,HIT
8.76,household07,household12,HIT
8.762,household28,household12,HIT
8.808,household13,household12,HIT
8.812,household33,household12,HIT
8.818,household26,household12,HIT
8.829,household25,household12,HIT
8.841,household15,household12,HIT
8.907,household36,household12,HIT
8.956,household34,household12,HIT
8.993,household27,household12,HIT
8.998,household02,household12,HIT
8.999,household37,household12,HIT
9.011,household16,household12,HIT
9.068,household08,household12,HIT
9.148,household03,household12,HIT
9.174,household23,household12,HIT
9.192,household12,household12,HIT
9.194,household21,household12,HIT
9.231,household01,household12,HIT
9.234,household11,household12,HIT
9.246,household05,household12,HIT
9.248,household38,household12,HIT
9.262,household22,household12,HIT
9.319,household29,household12,HIT
9.328,household19,household12,HIT
9.333,household40,household12,HIT
9.336,household09,household12,HIT
9.352,household20,household12,HIT
9.375,household39,household12,HIT
9.39,household17,household12,HIT
9.412,household35,household12,HIT
9.432,household18,household12,HIT
9.437,household04,household12,HIT
9.446,household10,household12,HIT
9.469,household24,household12,HIT
9.516,household32,household12,HIT
9.544,household14,household12,HIT
9.619,household31,household12,HIT
9.642,household06,household12,HIT
9.688,household30,household12,HIT
9.765,household07,household12,HIT
9.856,household25,household12,HIT
9.932,household33,household12,HIT
9.954,household26,household12,HIT
9.962,household28,household12,HIT
9.976,household13,household12,HIT
9.981,household36,household12,HIT
10.03,household15,household12,HIT
10.075,household16,household12,HIT
10.091,household34,household12,HIT
10.124,household02,household12,HIT
10.172,household37,household12,HIT
10.184,household27,household12,HIT
10.197,household08,household12,HIT
10.239,household03,household12,HIT
10.248,household12,household12,HIT
10.257,household23,household12,HIT
10.295,household22,household12,HIT
10.319,household01,household12,HIT
10.331,household05,household12,HIT
10.35,household19,household12,HIT
10.363,household11,household12,HIT
10.37,household09,household12,HIT
10.378,household29,household12,HIT
10.388,household21,household12,HIT
10.423,household40,household12,HIT
10.442,household38,household12,HIT
10.463,household04,household12,HIT
10.504,household39,household12,HIT
10.513,household35,household12,HIT
10.519,household20,household12,HIT
10.53,household17,household12,HIT
10.545,household10,household12,HIT
10.565,household18,household12,HIT
10.593,household24,household12,HIT
10.642,household32,household12,HIT
10.653,household31,household12,HIT
10.663,household14,household12,HIT
10.687,household06,household12,HIT
10.803,household07,household12,HIT
10.829,household30,household12,HIT
10.979,household33,household12,HIT
11.043,household25,household12,HIT
11.046,household28,household12,HIT
11.057,household26,household12,HIT
11.081,household15,household12,HIT
11.101,household13,household12,HIT
11.133,household36,household12,HIT
11.151,household34,household12,HIT
11.266,household16,household12,HIT
11.295,household02,household12,HIT
11.296,household37,household12,HIT
11.316,household08,household12,HIT
11.316,household27,household12,HIT
11.355,household22,household12,HIT
11.356,household03,household12,HIT
11.375,household12,household12,HIT
11.378,household11,household12,HIT
11.4,household23,household12,HIT
11.412,household09,household12,HIT
11.475,household01,household12,HIT
11.487,household05,household12,HIT
11.516,household21,household12,HIT
11.517,household04,household12,HIT
11.53,household35,household12,HIT
11.531,household38,household12,HIT
11.535,household19,household12,HIT
11.544,household29,household12,HIT
11.553,household39,household12,HIT
11.556,household40,household12,HIT
11.634,household17,household12,HIT
11.664,household10,household12,HIT
11.683,household24,household12,HIT
11.685,household20,household12,HIT
11.71,household14,household12,HIT
11.72,household18,household12,HIT
11.729,household32,household12,HIT
11.764,household31,household12,HIT
11.813,household06,household06,EXPIRED
11.842,household07,household06,HIT
12.028,household30,household06,HIT
12.076,household25,household06,HIT
12.1,household28,household06,HIT
12.106,household33,household06,HIT
12.107,household26,household06,HIT
12.159,household36,household06,HIT
12.161,household13,household06,HIT
12.194,household15,household06,HIT
12.297,household34,household06,HIT
12.311,household02,household06,HIT
12.365,household16,household06,HIT
12.393,household22,household06,HIT
12.414,household08,household06,HIT
12.426,household23,household06,HIT
12.442,household27,household06,HIT
12.463,household03,household06,HIT
12.473,household11,household06,HIT
12.485,household37,household06,HIT
12.535,household01,household06,HIT
12.536,household38,household06,HIT
12.546,household12,household06,HIT
12.566,household19,household06,HIT
12.568,household09,household06,HIT
12.568,household21,household06,HIT
12.574,household29,household06,HIT
12.581,household05,household06,HIT
12.641,household40,household06,HIT
12.69,household04,household06,HIT
12.692,household39,household06,HIT
12.7,household35,household06,HIT
12.709,household24,household06,HIT
12.734,household20,household06,HIT
12.745,household10,household06,HIT
12.752,household17,household06,HIT
12.831,household18,household06,HIT
12.864,household14,household06,HIT
12.868,household32,household06,HIT
12.905,household31,household06,HIT
12.97,household06,household06,HIT
12.993,household07,household06,HIT
13.13,household26,household06,HIT
13.158,household30,household06,HIT
13.206,household13,household06,HIT
13.213,household28,household06,HIT
13.22,household36,household06,HIT
13.235,household33,household06,HIT
13.245,household25,household06,HIT
13.299,household15,household06,HIT
13.369,household34,household06,HIT
13.401,household16,household06,HIT
13.427,household08,household06,HIT
13.443,household23,household06,HIT
13.448,household22,household06,HIT
13.47,household02,household06,HIT
13.506,household37,household06,HIT
13.578,household03,household06,HIT
13.594,household01,household06,HIT
13.606,household19,household06,HIT
13.622,household12,household06,HIT
13.637,household27,household06,HIT
13.661,household11,household06,HIT
13.668,household21,household06,HIT
13.69,household09,household06,HIT
13.711,household38,household06,HIT
13.743,household04,household06,HIT
13.767,household40,household06,HIT
13.774,household05,household06,HIT
13.774,household29,household06,HIT
13.789,household24,household06,HIT
13.802,household10,household06,HIT
13.809,household39,household06,HIT
13.852,household35,household06,HIT
13.881,household14,household06,HIT
13.89,household20,household06,HIT
13.928,household32,household06,HIT
13.942,household17,household06,HIT
13.989,household18,household06,HIT
14.009,household31,household06,HIT
14.015,household06,household06,HIT
14.016,household07,household06,HIT
14.203,household30,household06,HIT
14.227,household36,household06,HIT
14.233,household26,household06,HIT
14.257,household28,household06,HIT
14.299,household13,household06,HIT
14.307,household15,household06,HIT
14.372,household25,household06,HIT
14.387,household33,household06,HIT
14.414,household16,household06,HIT
14.431,household08,household06,HIT
14.518,household23,household06,HIT
14.528,household37,household06,HIT
14.533,household22,household06,HIT
14.534,household02,household06,HIT
14.55,household34,household06,HIT
14.638,household01,household06,HIT
14.666,household19,household06,HIT
14.701,household12,household06,HIT
14.755,household27,household06,HIT
14.764,household03,household06,HIT
14.779,household29,household06,HIT
14.787,household40,household06,HIT
14.824,household09,household06,HIT
14.834,household38,household06,HIT
14.842,household11,household06,HIT
14.848,household39,household06,HIT
14.861,household21,household06,HIT
14.888,household04,household06,HIT
14.91,household24,household06,HIT
14.915,household14,household06,HIT
14.925,household10,household06,HIT
14.929,household05,household06,HIT
14.969,household32,household06,HIT
15.032,household35,household06,HIT
15.036,household20,household06,HIT
15.066,household31,household06,HIT
15.085,household07,household06,HIT
15.114,household17,household06,HIT
15.134,household06,household06,HIT
15.143,household18,household06,HIT
15.288,household28,household06,HIT
15.309,household13,household06,HIT
15.345,household30,household06,HIT
15.363,household26,household06,HIT
15.417,household36,household06,HIT
15.462,household25,household06,HIT
15.49,household15,household06,HIT
15.517,household08,household06,HIT
15.548,household16,household06,HIT
15.579,household33,household06,HIT
15.589,household22,household06,HIT
15.594,household34,household06,HIT
15.629,household23,household06,HIT
15.64,household37,household06,HIT
15.646,household02,household06,HIT
15.737,household19,household06,HIT
15.744,household01,household06,HIT
15.755,household12,household06,HIT
15.797,household29,household06,HIT
15.806,household03,household06,HIT
15.817,household40,household06,HIT
15.841,household38,household06,HIT
15.844,household27,household06,HIT
15.956,household09,household06,HIT
15.961,household24,household06,HIT
15.963,household05,household06,HIT
15.986,household11,household06,HIT
15.999,household39,household06,HIT
16.023,household21,household06,HIT
16.06,household14,household06,HIT
16.078,household35,household06,HIT
16.087,household04,household06,HIT
16.099,household10,household06,HIT
16.133,household31,household06,HIT
16.135,household32,household06,HIT
16.163,household06,household06,HIT
16.178,household17,household06,HIT
16.212,household20,household06,HIT
16.263,household07,household06,HIT
16.341,household18,household06,HIT
16.354,household28,household06,HIT
16.394,household13,household06,HIT
16.425,household30,household06,HIT
16.46,household26,household06,HIT
16.539,household25,household06,HIT
16.558,household36,household06,HIT
16.564,household15,household06,HIT
16.611,household34,household06,HIT
16.648,household33,household06,HIT
16.67,household08,household06,HIT
16.685,household22,household06,HIT
16.692,household23,household06,HIT
16.715,household16,household06,HIT
16.752,household37,household06,HIT
16.796,household19,household06,HIT
16.808,household29,household06,HIT
16.811,household02,household06,HIT
16.892,household01,household06,HIT
16.895,household38,household06,HIT
16.905,household12,household06,HIT
16.952,household03,household06,HIT
16.968,household09,household06,HIT
17.003,household27,household06,HIT
17.005,household40,household06,HIT
17.013,household05,household06,HIT
17.056,household39,household06,HIT
17.12,household14,household06,HIT
17.126,household11,household06,HIT
17.15,household24,household06,HIT
17.18,household32,household06,HIT
17.222,household21,household06,HIT
17.226,household35,household06,HIT
17.231,household10,household06,HIT
17.237,household04,household06,HIT
17.248,household17,household06,HIT
17.252,household31,household06,HIT
17.288,household06,household06,HIT
17.303,household07,household06,HIT
17.326,household20,household06,HIT
17.458,household13,household06,HIT
17.462,household30,household06,HIT
17.505,household18,household06,HIT
17.511,household28,household06,HIT
17.52,household26,household06,HIT
17.544,household25,household06,HIT
17.611,household15,household06,HIT
17.7,household34,household06,HIT
17.701,household33,household06,HIT
17.712,household36,household06,HIT
17.8,household16,household16,EXPIRED
17.806,household08,household16,HIT
17.809,household23,household16,HIT
17.851,household19,household16,HIT
17.853,household37,household16,HIT
17.865,household22,household16,HIT
17.944,household12,household16,HIT
17.953,household03,household16,HIT
17.953,household29,household16,HIT
17.956,household01,household16,HIT
17.967,household02,household16,HIT
18.095,household38,household16,HIT
18.139,household09,household16,HIT
18.158,household27,household16,HIT
18.167,household40,household16,HIT
18.184,household05,household16,HIT
18.203,household39,household16,HIT
18.23,household35,household16,HIT
18.258,household14,household16,HIT
18.276,household24,household16,HIT
18.303,household11,household16,HIT
18.317,household32,household16,HIT
18.32,household17,household16,HIT
18.35,household07,household16,HIT
18.364,household21,household16,HIT
18.379,household10,household16,HIT
18.388,household06,household16,HIT
18.401,household31,household16,HIT
18.43,household04,household16,HIT
18.492,household20,household16,HIT
18.509,household18,household16,HIT
18.532,household13,household16,HIT
18.566,household26,household16,HIT
18.58,household28,household16,HIT
18.603,household30,household16,HIT
18.65,household25,household16,HIT
18.731,household36,household16,HIT
18.771,household34,household16,HIT
18.791,household15,household16,HIT
18.888,household08,household16,HIT
18.888,household33,household16,HIT
18.891,household19,household16,HIT
18.922,household22,household16,HIT
18.935,household16,household16,HIT
18.96,household23,household16,HIT
18.972,household02,household16,HIT
18.976,household37,household16,HIT
19.0,household29,household16,HIT
19.008,household12,household16,HIT
19.099,household03,household16,HIT
19.136,household01,household16,HIT
19.159,household09,household16,HIT
19.184,household40,household16,HIT
19.193,household27,household16,HIT
19.205,household38,household16,HIT
19.268,household05,household16,HIT
19.29,household39,household16,HIT
19.314,household24,household16,HIT
19.328,household32,household16,HIT
19.328,household35,household16,HIT
19.368,household07,household16,HIT
19.404,household10,household16,HIT
19.408,household31,household16,HIT
19.41,household21,household16,HIT
19.419,household17,household16,HIT
19.433,household14,household16,HIT
19.442,household04,household16,HIT
19.481,household11,household16,HIT
19.502,household06,household16,HIT
19.544,household13,household16,HIT
19.625,household20,household16,HIT
19.652,household28,household16,HIT
19.669,household18,household16,HIT
19.709,household26,household16,HIT
19.752,household30,household16,HIT
19.761,household36,household16,HIT
19.779,household34,household16,HIT
19.818,household25,household16,HIT
19.914,household08,household16,HIT
19.918,household15,household16,HIT
19.985,household16,household16,HIT
20.037,household33,household16,HIT
20.042,household02,household16,HIT
20.07,household19,household16,HIT
20.078,household22,household16,HIT
20.097,household12,household16,HIT
20.153,household29,household16,HIT
20.155,household23,household16,HIT
20.162,household03,household16,HIT
20.169,household37,household16,HIT
20.201,household09,household16,HIT
20.311,household40,household16,HIT
20.319,household01,household16,HIT
20.319,household38,household16,HIT
20.322,household05,household16,HIT
20.33,household35,household16,HIT
20.359,household39,household16,HIT
20.371,household27,household16,HIT
20.406,household07,household16,HIT
20.44,household24,household16,HIT
20.484,household17,household16,HIT
20.49,household21,household16,HIT
20.491,household32,household16,HIT
20.5,household11,household16,HIT
20.533,household04,household16,HIT
20.568,household14,household16,HIT
20.6,household10,household16,HIT
20.606,household31,household16,HIT
20.609,household06,household16,HIT
20.635,household13,household16,HIT
20.692,household18,household16,HIT
20.701,household20,household16,HIT
20.727,household28,household16,HIT
20.843,household36,household16,HIT
20.868,household26,household16,HIT
20.879,household30,household16,HIT
20.931,household08,household16,HIT
20.971,household34,household16,HIT
20.972,household25,household16,HIT
21.029,household16,household16,HIT
21.056,household15,household16,HIT
21.1,household33,household16,HIT
21.147,household12,household16,HIT
21.195,household37,household16,HIT
21.198,household19,household16,HIT
21.229,household02,household16,HIT
21.273,household22,household16,HIT
21.295,household29,household16,HIT
21.321,household03,household16,HIT
21.338,household23,household16,HIT
21.358,household05,household16,HIT
21.385,household27,household16,HIT
21.393,household09,household16,HIT
21.412,household35,household16,HIT
21.439,household40,household16,HIT
21.456,household38,household16,HIT
21.471,household07,household16,HIT
21.492,household39,household16,HIT
21.495,household01,household16,HIT
21.541,household21,household16,HIT
21.572,household14,household16,HIT
21.574,household32,household16,HIT
21.58,household04,household16,HIT
21.598,household17,household16,HIT
21.616,household11,household16,HIT
21.622,household24,household16,HIT
21.712,household31,household16,HIT
21.731,household06,household16,HIT
21.742,household13,household16,HIT
21.745,household18,household16,HIT
21.754,household10,household16,HIT
21.777,household28,household16,HIT
21.858,household20,household16,HIT
21.914,household36,household16,HIT
21.916,household26,household16,HIT
21.988,household25,household16,HIT
22.009,household08,household16,HIT
22.076,household30,household16,HIT
22.148,household15,household16,HIT
22.159,household34,household16,HIT
22.17,household16,household16,HIT
22.226,household12,household16,HIT
22.251,household02,household16,HIT
22.26,household19,household16,HIT
22.271,household33,household16,HIT
22.294,household37,household16,HIT
22.311,household29,household16,HIT
22.427,household03,household16,HIT
22.447,household27,household16,HIT
22.453,household22,household16,HIT
22.487,household23,household16,HIT
22.49,household40,household16,HIT
22.493,household38,household16,HIT
22.497,household05,household16,HIT
22.555,household39,household16,HIT
22.565,household35,household16,HIT
22.578,household32,household16,HIT
22.586,household09,household16,HIT
22.603,household07,household16,HIT
22.619,household21,household16,HIT
22.635,household17,household16,HIT
22.64,household24,household16,HIT
22.694,household01,household16,HIT
22.713,household04,household16,HIT
22.727,household11,household16,HIT
22.732,household31,household16,HIT
22.743,household14,household16,HIT
22.745,household06,household16,HIT
22.797,household18,household16,HIT
22.872,household20,household16,HIT
22.896,household13,household16,HIT
22.916,household10,household16,HIT
22.956,household28,household16,HIT
22.995,household36,household16,HIT
22.998,household25,household16,HIT
23.078,household30,household16,HIT
23.086,household08,household16,HIT
23.103,household26,household16,HIT
23.214,household16,household16,HIT
23.265,household34,household16,HIT
23.293,household33,household16,HIT
23.343,household15,household16,HIT
23.363,household29,household16,HIT
23.381,household02,household16,HIT
23.419,household37,household16,HIT
23.421,household12,household16,HIT
23.429,household19,household16,HIT
23.551,household40,household16,HIT
23.569,household03,household16,HIT
23.592,household35,household16,HIT
23.597,household23,household16,HIT
23.601,household27,household16,HIT
23.614,household22,household16,HIT
23.646,household09,household16,HIT
23.649,household05,household16,HIT
23.649,household07,household16,HIT
23.662,household38,household16,HIT
23.709,household39,household16,HIT
23.713,household17,household16,HIT
23.73,household32,household16,HIT
23.769,household31,household16,HIT
23.78,household24,household24,EXPIRED
23.789,household21,household24,HIT
23.798,household04,household24,HIT
23.811,household11,household24,HIT
23.813,household01,household24,HIT
23.9,household14,household24,HIT
23.903,household20,household24,HIT
23.93,household06,household24,HIT
23.95,household18,household24,HIT
23.981,household13,household24,HIT
24.016,household28,household24,HIT
24.018,household10,household24,HIT
24.123,household36,household24,HIT
24.133,household26,household24,HIT
24.149,household25,household24,HIT
24.218,household16,household24,HIT
24.234,household08,household24,HIT
24.241,household30,household24,HIT
24.388,household15,household24,HIT
24.41,household33,household24,HIT
24.416,household29,household24,HIT
24.458,household34,household24,HIT
24.52,household37,household24,HIT
24.541,household02,household24,HIT
24.559,household12,household24,HIT
24.575,household03,household24,HIT
24.601,household19,household24,HIT
24.615,household40,household24,HIT
24.702,household07,household24,HIT
24.704,household23,household24,HIT
24.713,household35,household24,HIT
24.715,household27,household24,HIT
24.737,household05,household24,HIT
24.75,household09,household24,HIT
24.759,household22,household24,HIT
24.784,household38,household24,HIT
24.816,household11,household24,HIT
24.817,household32,household24,HIT
24.83,household17,household24,HIT
24.831,household39,household24,HIT
24.846,household31,household24,HIT
24.909,household04,household24,HIT
24.909,household20,household24,HIT
24.948,household21,household24,HIT
24.954,household01,household24,HIT
24.956,household24,household24,HIT
24.988,household14,household24,HIT
25.043,household18,household24,HIT
25.093,household06,household24,HIT
25.094,household10,household24,HIT
25.102,household13,household24,HIT
25.215,household28,household24,HIT
25.216,household25,household24,HIT
25.254,household16,household24,HIT
25.289,household26,household24,HIT
25.292,household36,household24,HIT
25.317,household30,household24,HIT
25.404,household08,household24,HIT
25.457,household33,household24,HIT
25.474,household29,household24,HIT
25.545,household34,household24,HIT
25.554,household15,household24,HIT
25.584,household12,household24,HIT
25.621,household37,household24,HIT
25.634,household02,household24,HIT
25.646,household19,household24,HIT
25.647,household40,household24,HIT
25.676,household03,household24,HIT
25.733,household23,household24,HIT
25.741,household05,household24,HIT
25.757,household07,household24,HIT
25.786,household22,household24,HIT
25.818,household09,household24,HIT
25.847,household32,household24,HIT
25.887,household27,household24,HIT
25.889,household35,household24,HIT
25.917,household38,household24,HIT
25.92,household11,household24,HIT
25.939,household17,household24,HIT
25.94,household39,household24,HIT
25.964,household21,household24,HIT
25.989,household20,household24,HIT
26.005,household31,household24,HIT
26.007,household24,household24,HIT
26.022,household04,household24,HIT
26.078,household01,household24,HIT
26.129,household13,household24,HIT
26.144,household18,household24,HIT
26.184,household14,household24,HIT
26.243,household10,household24,HIT
26.259,household06,household24,HIT
26.285,household28,household24,HIT
26.291,household16,household24,HIT
26.303,household36,household24,HIT
26.337,household30,household24,HIT
26.368,household25,household24,HIT
26.487,household26,household24,HIT
26.506,household08,household24,HIT
26.534,household29,household24,HIT
26.621,household12,household24,HIT
26.631,household33,household24,HIT
26.669,household15,household24,HIT
26.693,household37,household24,HIT
26.729,household34,household24,HIT
26.734,household03,household24,HIT
26.75,household23,household24,HIT
26.77,household40,household24,HIT
26.796,household02,household24,HIT
26.796,household19,household24,HIT
26.802,household07,household24,HIT
26.81,household22,household24,HIT
26.894,household32,household24,HIT
26.9,household05,household24,HIT
26.903,household27,household24,HIT
26.945,household09,household24,HIT
26.957,household17,household24,HIT
26.978,household35,household24,HIT
26.996,household11,household24,HIT
27.016,household31,household24,HIT
27.047,household39,household24,HIT
27.074,household21,household24,HIT
27.093,household38,household24,HIT
27.1,household20,household24,HIT
27.187,household14,household24,HIT
27.204,household24,household24,HIT
27.219,household04,household24,HIT
27.234,household13,household24,HIT
27.249,household01,household24,HIT
27.295,household06,household24,HIT
27.297,household18,household24,HIT
27.366,household10,household24,HIT
27.378,household28,household24,HIT
27.391,household36,household24,HIT
27.444,household16,household24,HIT
27.482,household30,household24,HIT
27.544,household29,household24,HIT
27.551,household25,household24,HIT
27.604,household26,household24,HIT
27.687,household12,household24,HIT
27.698,household08,household24,HIT
27.765,household34,household24,HIT
27.783,household33,household24,HIT
27.784,household15,household24,HIT
27.784,household37,household24,HIT
27.816,household22,household24,HIT
27.826,household07,household24,HIT
27.832,household23,household24,HIT
27.853,household40,household24,HIT
27.914,household03,household24,HIT
27.944,household19,household24,HIT
27.97,household02,household24,HIT
28.044,household32,household24,HIT
28.058,household09,household24,HIT
28.075,household05,household24,HIT
28.083,household27,household24,HIT
28.087,household17,household24,HIT
28.094,household39,household24,HIT
28.105,household31,household24,HIT
28.127,household35,household24,HIT
28.129,household38,household24,HIT
28.195,household11,household24,HIT
28.22,household21,household24,HIT
28.241,household14,household24,HIT
28.251,household20,household24,HIT
28.312,household13,household24,HIT
28.346,household24,household24,HIT
28.377,household01,household24,HIT
28.4,household04,household24,HIT
28.402,household28,household24,HIT
28.461,household36,household24,HIT
28.485,household06,household24,HIT
28.493,household10,household24,HIT
28.496,household18,household24,HIT
28.547,household16,household24,HIT
28.558,household29,household24,HIT
28.599,household30,household24,HIT
28.692,household25,household24,HIT
28.708,household26,household24,HIT
28.836,household22,household24,HIT
28.867,household08,household24,HIT
28.883,household12,household24,HIT
28.886,household40,household24,HIT
28.902,household23,household24,HIT
28.909,household37,household24,HIT
28.916,household15,household24,HIT
28.945,household33,household24,HIT
28.945,household34,household24,HIT
28.982,household07,household24,HIT
28.982,household19,household24,HIT
28.996,household03,household24,HIT
29.066,household02,household24,HIT
29.143,household09,household24,HIT
29.164,household32,household24,HIT
29.167,household38,household24,HIT
29.177,household39,household24,HIT
29.211,household31,household24,HIT
29.222,household17,household24,HIT
29.226,household27,household24,HIT
29.236,household05,household24,HIT
29.243,household21,household24,HIT
29.251,household11,household24,HIT
29.293,household14,household24,HIT
29.315,household35,household24,HIT
29.365,household13,household24,HIT
29.41,household04,household24,HIT
29.435,household20,household24,HIT
29.454,household24,household24,HIT
29.493,household36,household24,HIT
29.523,household01,household24,HIT
29.532,household18,household24,HIT
29.553,household10,household24,HIT
29.573,household16,household24,HIT
29.576,household28,household24,HIT
29.594,household06,household24,HIT
29.732,household29,household24,HIT
29.752,household30,household24,HIT
29.793,household26,household26,EXPIRED
29.833,household25,household26,HIT
29.901,household22,household26,HIT
29.914,household23,household26,HIT
29.916,household08,household26,HIT
29.971,household15,household26,HIT
29.986,household12,household26,HIT
29.996,household37,household26,HIT
30.061,household34,household26,HIT
30.079,household40,household26,HIT
30.099,household02,household26,HIT
30.114,household19,household26,HIT
30.126,household33,household26,HIT
30.141,household07,household26,HIT
30.149,household09,household26,HIT
30.17,household03,household26,HIT
30.2,household32,household26,HIT
30.225,household39,household26,HIT
30.295,household21,household26,HIT
30.3,household31,household26,HIT
30.318,household38,household26,HIT
30.337,household11,household26,HIT
30.371,household27,household26,HIT
30.372,household05,household26,HIT
30.391,household14,household26,HIT
30.41,household17,household26,HIT
30.417,household35,household26,HIT
30.474,household13,household26,HIT
30.516,household04,household26,HIT
30.6,household18,household26,HIT
30.616,household20,household26,HIT
30.626,household24,household26,HIT
30.626,household36,household26,HIT
30.639,household01,household26,HIT
30.698,household28,household26,HIT
30.72,household06,household26,HIT
30.738,household10,household26,HIT
30.755,household16,household26,HIT
30.868,household26,household26,HIT
30.888,household30,household26,HIT
30.902,household29,household26,HIT
30.93,household08,household26,HIT
30.957,household25,household26,HIT
31.016,household23,household26,HIT
31.068,household22,household26,HIT
31.087,household12,household26,HIT
31.11,household15,household26,HIT
31.121,household02,household26,HIT
31.159,household40,household26,HIT
31.165,household34,household26,HIT
31.17,household07,household26,HIT
31.191,household37,household26,HIT
31.201,household32,household26,HIT
31.21,household09,household26,HIT
31.225,household33,household26,HIT
31.236,household03,household26,HIT
31.314,household19,household26,HIT
31.36,household31,household26,HIT
31.378,household39,household26,HIT
31.414,household21,household26,HIT
31.432,household35,household26,HIT
31.433,household27,household26,HIT
31.438,household05,household26,HIT
31.448,household11,household26,HIT
31.459,household38,household26,HIT
31.482,household14,household26,HIT
31.514,household17,household26,HIT
31.579,household13,household26,HIT
31.625,household04,household26,HIT
31.678,household24,household26,HIT
31.704,household18,household26,HIT
31.712,household36,household26,HIT
31.764,household01,household26,HIT
31.792,household28,household26,HIT
31.797,household20,household26,HIT
31.818,household06,household26,HIT
31.846,household16,household26,HIT
31.858,household10,household26,HIT
31.906,household30,household26,HIT
32.0,household26,household26,HIT
32.005,household08,household26,HIT
32.018,household23,household26,HIT
32.018,household29,household26,HIT
32.15,household25,household26,HIT
32.168,household15,household26,HIT
32.176,household12,household26,HIT
32.214,household32,household26,HIT
32.215,household22,household26,HIT
32.243,household09,household26,HIT
32.248,household07,household26,HIT
32.279,household02,household26,HIT
32.299,household40,household26,HIT
32.309,household34,household26,HIT
32.314,household03,household26,HIT
32.318,household37,household26,HIT
32.42,household33,household26,HIT
32.442,household21,household26,HIT
32.469,household39,household26,HIT
32.475,household31,household26,HIT
32.485,household27,household26,HIT
32.501,household19,household26,HIT
32.506,household35,household26,HIT
32.512,household14,household26,HIT
32.514,household11,household26,HIT
32.516,household05,household26,HIT
32.557,household38,household26,HIT
32.631,household13,household26,HIT
32.661,household17,household26,HIT
32.702,household24,household26,HIT
32.739,household04,household26,HIT
32.79,household18,household26,HIT
32.827,household20,household26,HIT
32.853,household01,household26,HIT
32.856,household36,household26,HIT
32.895,household06,household26,HIT
32.946,household28,household26,HIT
32.971,household30,household26,HIT
32.978,household16,household26,HIT
33.002,household10,household26,HIT
33.077,household08,household26,HIT
33.111,household29,household26,HIT
33.184,household26,household26,HIT
33.212,household23,household26,HIT
33.269,household32,household26,HIT
33.281,household15,household26,HIT
33.289,household02,household26,HIT
33.296,household12,household26,HIT
33.306,household25,household26,HIT
33.306,household40,household26,HIT
33.332,household37,household26,HIT
33.352,household07,household26,HIT
33.358,household09,household26,HIT
33.393,household34,household26,HIT
33.406,household22,household26,HIT
33.462,household03,household26,HIT
33.474,household21,household26,HIT
33.513,household39,household26,HIT
33.529,household27,household26,HIT
33.562,household05,household26,HIT
33.562,household11,household26,HIT
33.593,household35,household26,HIT
33.616,household33,household26,HIT
33.624,household31,household26,HIT
33.634,household14,household26,HIT
33.699,household19,household26,HIT
33.747,household38,household26,HIT
33.784,household13,household26,HIT
33.796,household04,household26,HIT
33.842,household17,household26,HIT
33.858,household01,household26,HIT
33.866,household18,household26,HIT
33.879,household36,household26,HIT
33.894,household24,household26,HIT
33.939,household20,household26,HIT
33.966,household28,household26,HIT
34.033,household30,household26,HIT
34.042,household16,household26,HIT
34.047,household06,household26,HIT
34.197,household10,household26,HIT
34.251,household23,household26,HIT
34.272,household08,household26,HIT
34.276,household29,household26,HIT
34.292,household15,household26,HIT
34.307,household25,household26,HIT
34.307,household26,household26,HIT
34.377,household40,household26,HIT
34.379,household07,household26,HIT
34.38,household12,household26,HIT
34.422,household02,household26,HIT
34.446,household22,household26,HIT
34.462,household32,household26,HIT
34.478,household37,household26,HIT
34.499,household34,household26,HIT
34.506,household09,household26,HIT
34.572,household05,household26,HIT
34.579,household27,household26,HIT
34.612,household03,household26,HIT
34.629,household21,household26,HIT
34.635,household39,household26,HIT
34.686,household33,household26,HIT
34.73,household11,household26,HIT
34.754,household14,household26,HIT
34.762,household31,household26,HIT
34.791,household35,household26,HIT
34.866,household04,household26,HIT
34.879,household38,household26,HIT
34.885,household19,household26,HIT
34.922,household17,household26,HIT
34.97,household13,household26,HIT
35.02,household01,household26,HIT
35.023,household24,household26,HIT
35.052,household36,household26,HIT
35.061,household18,household26,HIT
35.08,household20,household26,HIT
35.083,household06,household26,HIT
35.101,household28,household26,HIT
35.177,household30,household26,HIT
35.232,household16,household26,HIT
35.289,household10,household26,HIT
35.325,household08,household26,HIT
35.393,household40,household26,HIT
35.417,household29,household26,HIT
35.423,household23,household26,HIT
35.449,household25,household26,HIT
35.478,household26,household26,HIT
35.489,household12,household26,HIT
35.491,household15,household26,HIT
35.495,household07,household26,HIT
35.533,household34,household26,HIT
35.591,household37,household26,HIT
35.594,household32,household26,HIT
35.61,household02,household26,HIT
35.616,household22,household26,HIT
35.64,household21,household26,HIT
35.641,household27,household26,HIT
35.644,household39,household26,HIT
35.689,household09,household26,HIT
35.711,household05,household26,HIT
35.717,household33,household26,HIT
35.73,household03,household26,HIT
35.79,household14,household14,EXPIRED
35.867,household04,household14,HIT
35.886,household38,household14,HIT
35.894,household11,household14,HIT
35.938,household31,household14,HIT
35.948,household35,household14,HIT
36.016,household13,household14,HIT
36.033,household17,household14,HIT
36.063,household19,household14,HIT
36.107,household01,household14,HIT
36.119,household18,household14,HIT
36.132,household20,household14,HIT
36.139,household36,household14,HIT
36.164,household06,household14,HIT
36.173,household24,household14,HIT
36.253,household30,household14,HIT
36.293,household28,household14,HIT
36.353,household16,household14,HIT
36.405,household40,household14,HIT
36.427,household23,household14,HIT
36.453,household08,household14,HIT
36.472,household10,household14,HIT
36.526,household15,household14,HIT
36.549,household26,household14,HIT
36.607,household29,household14,HIT
36.625,household25,household14,HIT
36.625,household32,household14,HIT
36.64,household07,household14,HIT
36.649,household21,household14,HIT
36.67,household12,household14,HIT
36.712,household34,household14,HIT
36.722,household33,household14,HIT
36.732,household27,household14,HIT
36.741,household03,household14,HIT
36.768,household37,household14,HIT
36.769,household39,household14,HIT
36.785,household22,household14,HIT
36.793,household02,household14,HIT
36.818,household09,household14,HIT
36.895,household14,household14,HIT
36.911,household05,household14,HIT
36.94,household31,household14,HIT
36.969,household38,household14,HIT
36.983,household11,household14,HIT
36.996,household04,household14,HIT
37.078,household19,household14,HIT
37.109,household17,household14,HIT
37.143,household35,household14,HIT
37.159,household13,household14,HIT
37.176,household24,household14,HIT
37.179,household06,household14,HIT
37.184,household20,household14,HIT
37.198,household18,household14,HIT
37.238,household36,household14,HIT
37.285,household01,household14,HIT
37.295,household28,household14,HIT
37.315,household30,household14,HIT
37.397,household16,household14,HIT
37.511,household08,household14,HIT
37.577,household40,household14,HIT
37.587,household23,household14,HIT
37.633,household10,household14,HIT
37.657,household32,household14,HIT
37.66,household15,household14,HIT
37.66,household25,household14,HIT
37.674,household29,household14,HIT
37.688,household12,household14,HIT
37.692,household07,household14,HIT
37.728,household26,household14,HIT
37.744,household21,household14,HIT
37.79,household03,household14,HIT
37.831,household22,household14,HIT
37.857,household33,household14,HIT
37.865,household34,household14,HIT
37.881,household02,household14,HIT
37.882,household27,household14,HIT
37.926,household37,household14,HIT
37.936,household05,household14,HIT
37.941,household39,household14,HIT
37.944,household31,household14,HIT
37.946,household14,household14,HIT
38.012,household09,household14,HIT
38.028,household38,household14,HIT
38.07,household04,household14,HIT
38.121,household11,household14,HIT
38.134,household17,household14,HIT
38.138,household19,household14,HIT
38.15,household35,household14,HIT
38.197,household06,household14,HIT
38.262,household13,household14,HIT
38.283,household36,household14,HIT
38.298,household01,household14,HIT
38.303,household18,household14,HIT
38.312,household24,household14,HIT
38.349,household20,household14,HIT
38.417,household30,household14,HIT
38.448,household28,household14,HIT
38.554,household16,household14,HIT
38.636,household08,household14,HIT
38.644,household23,household14,HIT
38.662,household32,household14,HIT
38.676,household10,household14,HIT
38.686,household25,household14,HIT
38.689,household40,household14,HIT
38.791,household15,household14,HIT
38.807,household12,household14,HIT
38.808,household21,household14,HIT
38.82,household03,household14,HIT
38.826,household29,household14,HIT
38.834,household26,household14,HIT
38.861,household07,household14,HIT
38.88,household34,household14,HIT
38.921,household33,household14,HIT
38.948,household14,household14,HIT
38.951,household22,household14,HIT
38.961,household39,household14,HIT
39.009,household02,household14,HIT
39.033,household09,household14,HIT
39.045,household27,household14,HIT
39.058,household05,household14,HIT
39.061,household37,household14,HIT
39.108,household31,household14,HIT
39.137,household38,household14,HIT
39.151,household19,household14,HIT
39.176,household04,household14,HIT
39.186,household35,household14,HIT
39.199,household06,household14,HIT
39.309,household17,household14,HIT
39.317,household11,household14,HIT
39.364,household01,household14,HIT
39.382,household20,household14,HIT
39.407,household36,household14,HIT
39.43,household13,household14,HIT
39.466,household18,household14,HIT
39.507,household24,household14,HIT
39.517,household30,household14,HIT
39.615,household28,household14,HIT
39.616,household16,household14,HIT
39.645,household23,household14,HIT
39.701,household40,household14,HIT
39.72,household08,household14,HIT
39.724,household25,household14,HIT
39.821,household32,household14,HIT
39.837,household21,household14,HIT
39.868,household10,household14,HIT
39.883,household26,household14,HIT
39.903,household03,household14,HIT
39.957,household15,household14,HIT
39.966,household33,household14,HIT
39.977,household14,household14,HIT
40.001,household12,household14,HIT
40.019,household29,household14,HIT
40.034,household34,household14,HIT
40.058,household07,household14,HIT
40.07,household05,household14,HIT
40.086,household39,household14,HIT
40.11,household22,household14,HIT
40.113,household09,household14,HIT
40.151,household02,household14,HIT
40.16,household38,household14,HIT
40.167,household27,household14,HIT
40.174,household37,household14,HIT
40.185,household31,household14,HIT
40.222,household19,household14,HIT
40.245,household04,household14,HIT
40.342,household06,household14,HIT
40.368,household35,household14,HIT
40.452,household13,household14,HIT
40.471,household01,household14,HIT
40.475,household17,household14,HIT
40.511,household11,household14,HIT
40.516,household24,household14,HIT
40.565,household18,household14,HIT
40.57,household30,household14,HIT
40.577,household20,household14,HIT
40.589,household36,household14,HIT
40.668,household28,household14,HIT
40.718,household16,household14,HIT
40.741,household25,household14,HIT
40.792,household40,household14,HIT
40.824,household23,household14,HIT
40.906,household08,household14,HIT
40.907,household21,household14,HIT
40.995,household32,household14,HIT
41.005,household33,household14,HIT
41.03,household26,household14,HIT
41.033,household10,household14,HIT
41.038,household03,household14,HIT
41.053,household12,household14,HIT
41.07,household14,household14,HIT
41.075,household05,household14,HIT
41.108,household15,household14,HIT
41.111,household22,household14,HIT
41.152,household34,household14,HIT
41.162,household39,household14,HIT
41.171,household27,household14,HIT
41.193,household29,household14,HIT
41.199,household31,household14,HIT
41.224,household02,household14,HIT
41.224,household19,household14,HIT
41.248,household04,household14,HIT
41.257,household09,household14,HIT
41.258,household07,household14,HIT
41.272,household37,household14,HIT
41.295,household38,household14,HIT
41.395,household35,household14,HIT
41.428,household06,household14,HIT
41.489,household13,household14,HIT
41.583,household20,household14,HIT
41.636,household30,household14,HIT
41.638,household36,household14,HIT
41.645,household01,household14,HIT
41.652,household18,household14,HIT
41.661,household17,household14,HIT
41.707,household11,household14,HIT
41.713,household24,household14,HIT
41.73,household16,household14,HIT
41.795,household25,household25,EXPIRED
41.84,household28,household25,HIT
41.887,household23,household25,HIT
41.92,household40,household25,HIT
42.001,household08,household25,HIT
42.044,household21,household25,HIT
42.046,household03,household25,HIT
42.077,household33,household25,HIT
42.089,household32,household25,HIT
42.15,household14,household25,HIT
42.155,household15,household25,HIT
42.173,household22,household25,HIT
42.174,household05,household25,HIT
42.186,household34,household25,HIT
42.2,household31,household25,HIT
42.207,household39,household25,HIT
42.21,household12,household25,HIT
42.213,household10,household25,HIT
42.214,household26,household25,HIT
42.278,household09,household25,HIT
42.287,household02,household25,HIT
42.296,household27,household25,HIT
42.3,household04,household25,HIT
42.321,household19,household25,HIT
42.371,household29,household25,HIT
42.375,household07,household25,HIT
42.391,household37,household25,HIT
42.421,household38,household25,HIT
42.467,household06,household25,HIT
42.508,household13,household25,HIT
42.586,household35,household25,HIT
42.645,household20,household25,HIT
42.654,household01,household25,HIT
42.706,household17,household25,HIT
42.713,household11,household25,HIT
42.735,household18,household25,HIT
42.765,household30,household25,HIT
42.817,household36,household25,HIT
42.819,household24,household25,HIT
42.864,household25,household25,HIT
42.907,household16,household25,HIT
42.992,household28,household25,HIT
43.028,household08,household25,HIT
43.048,household23,household25,HIT
43.059,household40,household25,HIT
43.091,household33,household25,HIT
43.153,household03,household25,HIT
43.192,household15,household25,HIT
43.227,household32,household25,HIT
43.235,household05,household25,HIT
43.24,household12,household25,HIT
43.244,household21,household25,HIT
43.245,household14,household25,HIT
43.257,household31,household25,HIT
43.276,household10,household25,HIT
43.294,household34,household25,HIT
43.323,household02,household25,HIT
43.325,household22,household25,HIT
43.339,household27,household25,HIT
43.348,household09,household25,HIT
43.354,household26,household25,HIT
43.362,household39,household25,HIT
43.37,household19,household25,HIT
43.44,household29,household25,HIT
43.456,household07,household25,HIT
43.492,household04,household25,HIT
43.564,household38,household25,HIT
43.572,household37,household25,HIT
43.615,household06,household25,HIT
43.624,household35,household25,HIT
43.675,household13,household25,HIT
43.721,household11,household25,HIT
43.723,household01,household25,HIT
43.728,household17,household25,HIT
43.774,household20,household25,HIT
43.888,household18,household25,HIT
43.906,household30,household25,HIT
43.979,household24,household25,HIT
44.009,household36,household25,HIT
44.047,household25,household25,HIT
44.067,household16,household25,HIT
44.141,household40,household25,HIT
44.144,household28,household25,HIT
44.199,household23,household25,HIT
44.204,household15,household25,HIT
44.227,household08,household25,HIT
44.24,household32,household25,HIT
44.252,household12,household25,HIT
44.262,household05,household25,HIT
44.276,household33,household25,HIT
44.289,household03,household25,HIT
44.356,household22,household25,HIT
44.358,household10,household25,HIT
44.361,household31,household25,HIT
44.373,household21,household25,HIT
44.376,household27,household25,HIT
44.382,household14,household25,HIT
44.385,household09,household25,HIT
44.413,household02,household25,HIT
44.425,household34,household25,HIT
44.442,household39,household25,HIT
44.507,household26,household25,HIT
44.524,household19,household25,HIT
44.599,household07,household25,HIT
44.607,household29,household25,HIT
44.645,household38,household25,HIT
44.665,household35,household25,HIT
44.669,household04,household25,HIT
44.701,household37,household25,HIT
44.731,household11,household25,HIT
44.77,household06,household25,HIT
44.805,household13,household25,HIT
44.865,household20,household25,HIT
44.878,household17,household25,HIT
44.919,household18,household25,HIT
44.92,household01,household25,HIT
45.012,household24,household25,HIT
45.029,household30,household25,HIT
45.103,household36,household25,HIT
45.176,household25,household25,HIT
45.18,household40,household25,HIT
45.2,household16,household25,HIT
45.202,household23,household25,HIT
45.279,household05,household25,HIT
45.286,household28,household25,HIT
45.328,household32,household25,HIT
45.339,household15,household25,HIT
45.342,household03,household25,HIT
45.364,household08,household25,HIT
45.364,household12,household25,HIT
45.45,household33,household25,HIT
45.481,household02,household25,HIT
45.511,household34,household25,HIT
45.52,household09,household25,HIT
45.526,household27,household25,HIT
45.527,household19,household25,HIT
45.53,household21,household25,HIT
45.531,household31,household25,HIT
45.534,household14,household25,HIT
45.549,household22,household25,HIT
45.553,household10,household25,HIT
45.572,household26,household25,HIT
45.596,household39,household25,HIT
45.715,household29,household25,HIT
45.72,household35,household25,HIT
45.737,household11,household25,HIT
45.76,household07,household25,HIT
45.821,household37,household25,HIT
45.835,household38,household25,HIT
45.851,household04,household25,HIT
45.892,household13,household25,HIT
45.901,household20,household25,HIT
45.961,household06,household25,HIT
46.022,household17,household25,HIT
46.04,household30,household25,HIT
46.086,household18,household25,HIT
46.091,household01,household25,HIT
46.124,household24,household25,HIT
46.177,household25,household25,HIT
46.279,household36,household25,HIT
46.28,household05,household25,HIT
46.29,household23,household25,HIT
46.341,household32,household25,HIT
46.344,household40,household25,HIT
46.352,household28,household25,HIT
46.378,household16,household25,HIT
46.393,household08,household25,HIT
46.435,household03,household25,HIT
46.523,household15,household25,HIT
46.559,household12,household25,HIT
46.587,household27,household25,HIT
46.598,household21,household25,HIT
46.606,household31,household25,HIT
46.616,household02,household25,HIT
46.639,household33,household25,HIT
46.643,household39,household25,HIT
46.662,household10,household25,HIT
46.677,household34,household25,HIT
46.68,household22,household25,HIT
46.687,household09,household25,HIT
46.697,household26,household25,HIT
46.721,household19,household25,HIT
46.726,household14,household25,HIT
46.75,household29,household25,HIT
46.75,household35,household25,HIT
46.771,household07,household25,HIT
46.835,household11,household25,HIT
46.858,household37,household25,HIT
46.887,household38,household25,HIT
46.918,household04,household25,HIT
47.039,household13,household25,HIT
47.078,household20,household25,HIT
47.122,household30,household25,HIT
47.124,household17,household25,HIT
47.126,household18,household25,HIT
47.137,household06,household25,HIT
47.167,household01,household25,HIT
47.188,household25,household25,HIT
47.262,household24,household25,HIT
47.34,household05,household25,HIT
47.375,household32,household25,HIT
47.389,household23,household25,HIT
47.394,household36,household25,HIT
47.452,household40,household25,HIT
47.503,household28,household25,HIT
47.55,household16,household25,HIT
47.578,household03,household25,HIT
47.582,household08,household25,HIT
47.592,household12,household25,HIT
47.663,household31,household25,HIT
47.676,household27,household25,HIT
47.687,household34,household25,HIT
47.691,household22,household25,HIT
47.705,household15,household25,HIT
47.731,household26,household25,HIT
47.762,household21,household25,HIT
47.765,household02,household25,HIT
47.769,household09,household25,HIT
47.787,household10,household10,EXPIRED
47.794,household33,household10,HIT
47.821,household35,household10,HIT
47.84,household39,household10,HIT
47.865,household19,household10,HIT
47.872,household14,household10,HIT
47.876,household29,household10,HIT
47.897,household11,household10,HIT
47.944,household07,household10,HIT
47.986,household38,household10,HIT
48.007,household37,household10,HIT
48.084,household04,household10,HIT
48.195,household06,household10,HIT
48.198,household13,household10,HIT
48.2,household25,household10,HIT
48.212,household20,household10,HIT
48.247,household17,household10,HIT
48.294,household30,household10,HIT
48.309,household18,household10,HIT
48.312,household01,household10,HIT
48.367,household24,household10,HIT
48.397,household23,household10,HIT
48.474,household32,household10,HIT
48.5,household36,household10,HIT
48.504,household28,household10,HIT
48.511,household05,household10,HIT
48.513,household40,household10,HIT
48.622,household03,household10,HIT
48.641,household12,household10,HIT
48.654,household08,household10,HIT
48.692,household31,household10,HIT
48.696,household16,household10,HIT
48.709,household15,household10,HIT
48.726,household34,household10,HIT
48.806,household27,household10,HIT
48.833,household22,household10,HIT
48.837,household02,household10,HIT
48.878,household35,household10,HIT
48.892,household33,household10,HIT
48.894,household21,household10,HIT
48.895,household26,household10,HIT
48.952,household10,household10,HIT
48.953,household19,household10,HIT
48.964,household14,household10,HIT
48.965,household09,household10,HIT
48.97,household11,household10,HIT
48.971,household29,household10,HIT
48.993,household39,household10,HIT
49.013,household37,household10,HIT
49.074,household38,household10,HIT
49.111,household07,household10,HIT
49.174,household04,household10,HIT
49.247,household25,household10,HIT
49.264,household13,household10,HIT
49.309,household20,household10,HIT
49.309,household30,household10,HIT
49.367,household17,household10,HIT
49.378,household06,household10,HIT
49.426,household24,household10,HIT
49.427,household18,household10,HIT
49.482,household01,household10,HIT
49.491,household23,household10,HIT
49.509,household28,household10,HIT
49.561,household05,household10,HIT
49.577,household32,household10,HIT
49.579,household40,household10,HIT
49.677,household36,household10,HIT
49.699,household16,household10,HIT
49.736,household03,household10,HIT
49.737,household12,household10,HIT
49.774,household31,household10,HIT
49.782,household08,household10,HIT
49.798,household15,household10,HIT
49.858,household34,household10,HIT
49.899,household02,household10,HIT
49.955,household27,household10,HIT
49.987,household35,household10,HIT
50.001,household22,household10,HIT
50.014,household37,household10,HIT
50.016,household21,household10,HIT
50.033,household33,household10,HIT
50.04,household26,household10,HIT
50.044,household10,household10,HIT
50.048,household09,household10,HIT
50.061,household19,household10,HIT
50.066,household39,household10,HIT
50.068,household29,household10,HIT
50.103,household11,household10,HIT
50.154,household14,household10,HIT
50.185,household04,household10,HIT
50.187,household38,household10,HIT
50.198,household07,household10,HIT
50.367,household13,household10,HIT
50.379,household06,household10,HIT
50.407,household25,household10,HIT
50.408,household30,household10,HIT
50.473,household17,household10,HIT
50.503,household20,household10,HIT
50.584,household24,household10,HIT
50.585,household23,household10,HIT
50.589,household28,household10,HIT
50.593,household40,household10,HIT
50.622,household18,household10,HIT
50.65,household05,household10,HIT
50.663,household32,household10,HIT
50.664,household01,household10,HIT
50.71,household36,household10,HIT
50.789,household08,household10,HIT
50.79,household12,household10,HIT
50.798,household15,household10,HIT
50.869,household31,household10,HIT
50.876,household16,household10,HIT
50.895,household03,household10,HIT
51.006,household34,household10,HIT
51.015,household22,household10,HIT
51.058,household37,household10,HIT
51.064,household10,household10,HIT
51.092,household02,household10,HIT
51.104,household27,household10,HIT
51.111,household29,household10,HIT
51.132,household26,household10,HIT
51.139,household33,household10,HIT
51.143,household09,household10,HIT
51.152,household11,household10,HIT
51.154,household21,household10,HIT
51.159,household39,household10,HIT
51.164,household14,household10,HIT
51.184,household35,household10,HIT
51.208,household19,household10,HIT
51.315,household04,household10,HIT
51.323,household38,household10,HIT
51.382,household07,household10,HIT
51.403,household13,household10,HIT
51.493,household30,household10,HIT
51.523,household20,household10,HIT
51.53,household25,household10,HIT
51.552,household06,household10,HIT
51.604,household17,household10,HIT
51.625,household40,household10,HIT
51.651,household28,household10,HIT
51.668,household32,household10,HIT
51.745,household24,household10,HIT
51.749,household36,household10,HIT
51.758,household23,household10,HIT
51.781,household18,household10,HIT
51.79,household01,household10,HIT
51.791,household12,household10,HIT
51.812,household05,household10,HIT
51.853,household08,household10,HIT
51.929,household16,household10,HIT
51.958,household15,household10,HIT
51.97,household03,household10,HIT
52.015,household31,household10,HIT
52.091,household34,household10,HIT
52.107,household22,household10,HIT
52.124,household27,household10,HIT
52.154,household37,household10,HIT
52.185,household02,household10,HIT
52.203,household10,household10,HIT
52.215,household21,household10,HIT
52.222,household26,household10,HIT
52.246,household09,household10,HIT
52.249,household29,household10,HIT
52.291,household14,household10,HIT
52.329,household33,household10,HIT
52.339,household11,household10,HIT
52.342,household39,household10,HIT
52.362,household04,household10,HIT
52.362,household38,household10,HIT
52.364,household19,household10,HIT
52.378,household35,household10,HIT
52.435,household07,household10,HIT
52.485,household13,household10,HIT
52.559,household20,household10,HIT
52.656,household30,household10,HIT
52.657,household17,household10,HIT
52.671,household25,household10,HIT
52.718,household06,household10,HIT
52.736,household28,household10,HIT
52.749,household40,household10,HIT
52.792,household32,household10,HIT
52.828,household01,household10,HIT
52.837,household12,household10,HIT
52.845,household05,household10,HIT
52.872,household36,household10,HIT
52.873,household24,household10,HIT
52.912,household23,household10,HIT
52.961,household18,household10,HIT
52.982,household08,household10,HIT
52.983,household16,household10,HIT
52.995,household15,household10,HIT
53.114,household03,household10,HIT
53.16,household31,household10,HIT
53.195,household02,household10,HIT
53.197,household34,household10,HIT
53.215,household27,household10,HIT
53.246,household22,household10,HIT
53.288,household09,household10,HIT
53.29,household26,household10,HIT
53.296,household21,household10,HIT
53.304,household10,household10,HIT
53.313,household37,household10,HIT
53.323,household29,household10,HIT
53.342,household11,household10,HIT
53.378,household39,household10,HIT
53.455,household14,household10,HIT
53.457,household19,household10,HIT
53.478,household38,household10,HIT
53.481,household35,household10,HIT
53.488,household04,household10,HIT
53.492,household33,household10,HIT
53.554,household13,household10,HIT
53.559,household07,household10,HIT
53.59,household20,household10,HIT
53.676,household30,household10,HIT
53.715,household25,household10,HIT
53.75,household06,household10,HIT
53.775,household40,household10,HIT
53.833,household17,household17,EXPIRED
53.861,household01,household17,HIT
53.87,household12,household17,HIT
53.877,household05,household17,HIT
53.914,household28,household17,HIT
53.925,household36,household17,HIT
53.962,household32,household17,HIT
54.002,household24,household17,HIT
54.022,household23,household17,HIT
54.033,household08,household17,HIT
54.091,household16,household17,HIT
54.116,household18,household17,HIT
54.17,household15,household17,HIT
54.198,household03,household17,HIT
54.216,household31,household17,HIT
54.239,household34,household17,HIT
54.266,household27,household17,HIT
54.3,household02,household17,HIT
54.37,household21,household17,HIT
54.382,household10,household17,HIT
54.405,household22,household17,HIT
54.406,household11,household17,HIT
54.408,household29,household17,HIT
54.425,household39,household17,HIT
54.467,household26,household17,HIT
54.472,household37,household17,HIT
54.474,household09,household17,HIT
54.512,household14,household17,HIT
54.54,household04,household17,HIT
54.546,household33,household17,HIT
54.556,household19,household17,HIT
54.561,household35,household17,HIT
54.612,household20,household17,HIT
54.646,household38,household17,HIT
54.656,household07,household17,HIT
54.662,household13,household17,HIT
54.785,household30,household17,HIT
54.829,household06,household17,HIT
54.868,household25,household17,HIT
54.892,household01,household17,HIT
54.895,household17,household17,HIT
54.902,household40,household17,HIT
54.917,household05,household17,HIT
54.931,household12,household17,HIT
54.934,household36,household17,HIT
55.025,household23,household17,HIT
55.073,household08,household17,HIT
55.075,household32,household17,HIT
55.087,household24,household17,HIT
55.098,household28,household17,HIT
55.148,household16,household17,HIT
55.193,household18,household17,HIT
55.246,household31,household17,HIT
55.306,household34,household17,HIT
55.315,household02,household17,HIT
55.32,household15,household17,HIT
55.376,household27,household17,HIT
55.386,household03,household17,HIT
55.422,household29,household17,HIT
55.425,household21,household17,HIT
55.442,household39,household17,HIT
55.451,household11,household17,HIT
55.47,household10,household17,HIT
55.483,household37,household17,HIT
55.523,household22,household17,HIT
55.549,household26,household17,HIT
55.583,household14,household17,HIT
55.66,household09,household17,HIT
55.691,household35,household17,HIT
55.697,household33,household17,HIT
55.712,household04,household17,HIT
55.716,household13,household17,HIT
55.743,household19,household17,HIT
55.755,household20,household17,HIT
55.77,household38,household17,HIT
55.777,household07,household17,HIT
55.898,household06,household17,HIT
55.941,household36,household17,HIT
55.953,household17,household17,HIT
55.954,household40,household17,HIT
55.963,household25,household17,HIT
55.97,household30,household17,HIT
55.981,household01,household17,HIT
56.104,household05,household17,HIT
56.115,household08,household17,HIT
56.124,household12,household17,HIT
56.177,household32,household17,HIT
56.197,household18,household17,HIT
56.198,household23,household17,HIT
56.271,household24,household17,HIT
56.288,household28,household17,HIT
56.34,household15,household17,HIT
56.34,household16,household17,HIT
56.406,household31,household17,HIT
56.413,household02,household17,HIT
56.431,household34,household17,HIT
56.489,household03,household17,HIT
56.508,household10,household17,HIT
56.515,household27,household17,HIT
56.55,household37,household17,HIT
56.584,household11,household17,HIT
56.586,household29,household17,HIT
56.598,household39,household17,HIT
56.618,household21,household17,HIT
56.643,household14,household17,HIT
56.684,household26,household17,HIT
56.704,household22,household17,HIT
56.758,household20,household17,HIT
56.758,household35,household17,HIT
56.813,household19,household17,HIT
56.816,household33,household17,HIT
56.837,household13,household17,HIT
56.839,household04,household17,HIT
56.848,household09,household17,HIT
56.933,household38,household17,HIT
56.936,household06,household17,HIT
56.962,household07,household17,HIT
56.985,household25,household17,HIT
57.024,household17,household17,HIT
57.034,household01,household17,HIT
57.036,household36,household17,HIT
57.128,household40,household17,HIT
57.17,household30,household17,HIT
57.174,household05,household17,HIT
57.238,household08,household17,HIT
57.24,household23,household17,HIT
57.251,household12,household17,HIT
57.301,household24,household17,HIT
57.369,household32,household17,HIT
57.391,household16,household17,HIT
57.392,household18,household17,HIT
57.447,household28,household17,HIT
57.466,household15,household17,HIT
57.51,household02,household17,HIT
57.52,household10,household17,HIT
57.541,household31,household17,HIT
57.578,household03,household17,HIT
57.62,household34,household17,HIT
57.651,household21,household17,HIT
57.654,household27,household17,HIT
57.658,household11,household17,HIT
57.66,household29,household17,HIT
57.671,household39,household17,HIT
57.719,household37,household17,HIT
57.791,household35,household17,HIT
57.793,household26,household17,HIT
57.809,household14,household17,HIT
57.841,household20,household17,HIT
57.855,household22,household17,HIT
57.868,household04,household17,HIT
57.896,household19,household17,HIT
57.97,household33,household17,HIT
57.978,household13,household17,HIT
58.0,household06,household17,HIT
58.003,household09,household17,HIT
58.022,household25,household17,HIT
58.078,household01,household17,HIT
58.079,household38,household17,HIT
58.121,household36,household17,HIT
58.126,household07,household17,HIT
58.16,household40,household17,HIT
58.183,household17,household17,HIT
58.283,household30,household17,HIT
58.309,household23,household17,HIT
58.319,household24,household17,HIT
58.341,household05,household17,HIT
58.399,household18,household17,HIT
58.402,household08,household17,HIT
58.407,household32,household17,HIT
58.432,household12,household17,HIT
58.479,household16,household17,HIT
58.557,household02,household17,HIT
58.585,household10,household17,HIT
58.596,household03,household17,HIT
58.6,household28,household17,HIT
58.605,household15,household17,HIT
58.645,household34,household17,HIT
58.706,household29,household17,HIT
58.732,household31,household17,HIT
58.765,household21,household17,HIT
58.776,household11,household17,HIT
58.777,household37,household17,HIT
58.796,household35,household17,HIT
58.813,household27,household17,HIT
58.843,household39,household17,HIT
58.883,household14,household17,HIT
58.932,household04,household17,HIT
58.967,household26,household17,HIT
58.999,household20,household17,HIT
59.008,household06,household17,HIT
59.012,household19,household17,HIT
59.027,household22,household17,HIT
59.031,household33,household17,HIT
59.051,household09,household17,HIT
59.11,household38,household17,HIT
59.138,household25,household17,HIT
59.16,household01,household17,HIT
59.177,household13,household17,HIT
59.277,household17,household17,HIT
59.281,household36,household17,HIT
59.299,household40,household17,HIT
59.302,household07,household17,HIT
59.335,household23,household17,HIT
59.361,household24,household17,HIT
59.385,household30,household17,HIT
59.401,household05,household17,HIT
59.404,household08,household17,HIT
59.518,household32,household17,HIT
59.543,household16,household17,HIT
59.58,household12,household17,HIT
59.587,household18,household17,HIT
59.611,household10,household17,HIT
59.651,household28,household17,HIT
59.665,household03,household17,HIT
59.735,household15,household17,HIT
59.744,household29,household17,HIT
59.745,household02,household17,HIT
59.755,household34,household17,HIT
59.782,household21,household21,EXPIRED
59.851,household11,household21,HIT
59.851,household27,household21,HIT
59.864,household31,household21,HIT
59.9,household35,household21,HIT
59.91,household37,household21,HIT
59.942,household39,household21,HIT
59.983,household14,household21,HIT
60.01,household20,household21,HIT
60.018,household06,household21,HIT
60.08,household19,household21,HIT
60.092,household04,household21,HIT
60.097,household33,household21,HIT
60.157,household26,household21,HIT
60.179,household22,household21,HIT
60.19,household25,household21,HIT
60.211,household38,household21,HIT
60.226,household01,household21,HIT
60.231,household09,household21,HIT
60.261,household13,household21,HIT
60.386,household40,household21,HIT
60.413,household36,household21,HIT
60.439,household07,household21,HIT
60.447,household24,household21,HIT
60.449,household30,household21,HIT
60.455,household17,household21,HIT
60.463,household23,household21,HIT
60.504,household05,household21,HIT
60.522,household32,household21,HIT
60.539,household08,household21,HIT
60.596,household16,household21,HIT
60.664,household28,household21,HIT
60.666,household12,household21,HIT
60.712,household18,household21,HIT
60.745,household10,household21,HIT
60.752,household15,household21,HIT
60.805,household02,household21,HIT
60.82,household03,household21,HIT
60.858,household29,household21,HIT
60.88,household27,household21,HIT
60.883,household34,household21,HIT
60.929,household31,household21,HIT
60.948,household35,household21,HIT
60.953,household21,household21,HIT
60.968,household37,household21,HIT
61.0,household11,household21,HIT
61.071,household06,household21,HIT
61.092,household19,household21,HIT
61.101,household14,household21,HIT
61.116,household39,household21,HIT
61.121,household20,household21,HIT
61.181,household22,household21,HIT
61.185,household33,household21,HIT
61.196,household26,household21,HIT
61.24,household04,household21,HIT
61.271,household25,household21,HIT
61.295,household13,household21,HIT
61.302,household09,household21,HIT
61.327,household38,household21,HIT
61.348,household01,household21,HIT
61.454,household40,household21,HIT
61.483,household30,household21,HIT
61.511,household23,household21,HIT
61.516,household24,household21,HIT
61.576,household32,household21,HIT
61.577,household36,household21,HIT
61.593,household17,household21,HIT
61.606,household07,household21,HIT
61.687,household05,household21,HIT
61.728,household16,household21,HIT
61.73,household12,household21,HIT
61.732,household08,household21,HIT
61.757,household28,household21,HIT
61.764,household15,household21,HIT
61.817,household10,household21,HIT
61.887,household18,household21,HIT
61.895,household02,household21,HIT
61.927,household29,household21,HIT
61.936,household03,household21,HIT
61.984,household31,household21,HIT
62.036,household34,household21,HIT
62.058,household37,household21,HIT
62.062,household27,household21,HIT
62.069,household11,household21,HIT
62.132,household21,household21,HIT
62.136,household35,household21,HIT
62.149,household19,household21,HIT
62.171,household06,household21,HIT
62.222,household14,household21,HIT
62.228,household39,household21,HIT
62.235,household22,household21,HIT
62.239,household33,household21,HIT
62.244,household20,household21,HIT
62.304,household04,household21,HIT
62.304,household13,household21,HIT
62.308,household26,household21,HIT
62.315,household09,household21,HIT
62.403,household25,household21,HIT
62.432,household38,household21,HIT
62.456,household01,household21,HIT
62.556,household23,household21,HIT
62.587,household24,household21,HIT
62.604,household30,household21,HIT
62.636,household40,household21,HIT
62.642,household32,household21,HIT
62.707,household36,household21,HIT
62.738,household17,household21,HIT
62.749,household07,household21,HIT
62.804,household28,household21,HIT
62.819,household08,household21,HIT
62.82,household10,household21,HIT
62.828,household15,household21,HIT
62.837,household16,household21,HIT
62.841,household05,household21,HIT
62.871,household12,household21,HIT
62.896,household02,household21,HIT
62.992,household18,household21,HIT
62.994,household03,household21,HIT
63.033,household31,household21,HIT
63.075,household27,household21,HIT
63.125,household29,household21,HIT
63.159,household11,household21,HIT
63.169,household37,household21,HIT
63.201,household34,household21,HIT
63.24,household06,household21,HIT
63.242,household22,household21,HIT
63.252,household14,household21,HIT
63.286,household19,household21,HIT
63.298,household35,household21,HIT
63.312,household21,household21,HIT
63.34,household33,household21,HIT
63.342,household13,household21,HIT
63.374,household26,household21,HIT
63.402,household39,household21,HIT
63.407,household04,household21,HIT
63.437,household20,household21,HIT
63.449,household09,household21,HIT
63.502,household25,household21,HIT
63.534,household38,household21,HIT
63.592,household24,household21,HIT
63.6,household01,household21,HIT
63.7,household30,household21,HIT
63.716,household23,household21,HIT
63.728,household32,household21,HIT
63.741,household40,household21,HIT
63.788,household17,household21,HIT
63.806,household36,household21,HIT
63.832,household07,household21,HIT
63.886,household12,household21,HIT
63.901,household10,household21,HIT
63.906,household28,household21,HIT
63.907,household05,household21,HIT
63.95,household08,household21,HIT
63.95,household15,household21,HIT
64.004,household16,household21,HIT
64.004,household18,household21,HIT
64.018,household03,household21,HIT
64.065,household02,household21,HIT
64.178,household31,household21,HIT
64.207,household11,household21,HIT
64.227,household27,household21,HIT
64.277,household29,household21,HIT
64.31,household34,household21,HIT
64.32,household14,household21,HIT
64.35,household22,household21,HIT
64.351,household21,household21,HIT
64.351,household37,household21,HIT
64.357,household33,household21,HIT
64.432,household06,household21,HIT
64.432,household19,household21,HIT
64.449,household35,household21,HIT
64.466,household39,household21,HIT
64.469,household20,household21,HIT
64.478,household26,household21,HIT
64.505,household13,household21,HIT
64.517,household25,household21,HIT
64.57,household04,household21,HIT
64.597,household24,household21,HIT
64.603,household38,household21,HIT
64.64,household09,household21,HIT
64.762,household23,household21,HIT
64.777,household01,household21,HIT
64.78,household30,household21,HIT
64.822,household36,household21,HIT
64.852,household17,household21,HIT
64.895,household40,household21,HIT
64.914,household32,household21,HIT
64.934,household07,household21,HIT
64.943,household12,household21,HIT
64.989,household05,household21,HIT
64.999,household15,household21,HIT
65.043,household08,household21,HIT
65.058,household18,household21,HIT
65.063,household28,household21,HIT
65.087,household10,household21,HIT
65.12,household03,household21,HIT
65.149,household02,household21,HIT
65.155,household16,household21,HIT
65.254,household11,household21,HIT
65.254,household31,household21,HIT
65.262,household27,household21,HIT
65.35,household34,household21,HIT
65.383,household29,household21,HIT
65.388,household21,household21,HIT
65.459,household06,household21,HIT
65.482,household19,household21,HIT
65.484,household37,household21,HIT
65.501,household14,household21,HIT
65.503,household33,household21,HIT
65.519,household26,household21,HIT
65.526,household39,household21,HIT
65.542,household22,household21,HIT
65.616,household25,household21,HIT
65.62,household20,household21,HIT
65.646,household35,household21,HIT
65.67,household04,household21,HIT
65.689,household09,household21,HIT
65.7,household13,household21,HIT
65.758,household38,household21,HIT
65.791,household24,household24,EXPIRED
65.845,household30,household24,HIT
65.85,household23,household24,HIT
65.882,household01,household24,HIT
65.923,household17,household24,HIT
65.959,household07,household24,HIT
65.977,household40,household24,HIT
66.001,household36,household24,HIT
66.054,household15,household24,HIT
66.059,household32,household24,HIT
66.07,household05,household24,HIT
66.093,household12,household24,HIT
66.105,household10,household24,HIT
66.134,household03,household24,HIT
66.157,household02,household24,HIT
66.168,household18,household24,HIT
66.191,household28,household24,HIT
66.221,household08,household24,HIT
66.305,household16,household24,HIT
66.333,household31,household24,HIT
66.38,household27,household24,HIT
66.408,household11,household24,HIT
66.483,household34,household24,HIT
66.506,household37,household24,HIT
66.515,household29,household24,HIT
66.522,household14,household24,HIT
66.522,household19,household24,HIT
66.549,household21,household24,HIT
66.584,household06,household24,HIT
66.601,household33,household24,HIT
66.622,household39,household24,HIT
66.63,household22,household24,HIT
66.703,household25,household24,HIT
66.717,household26,household24,HIT
66.721,household09,household24,HIT
66.744,household35,household24,HIT
66.813,household20,household24,HIT
66.831,household04,household24,HIT
66.834,household13,household24,HIT
66.87,household24,household24,HIT
66.938,household01,household24,HIT
66.943,household38,household24,HIT
66.952,household30,household24,HIT
66.96,household23,household24,HIT
66.988,household07,household24,HIT
67.001,household40,household24,HIT
67.03,household17,household24,HIT
67.094,household05,household24,HIT
67.141,household36,household24,HIT
67.164,household03,household24,HIT
67.181,household12,household24,HIT
67.198,household15,household24,HIT
67.204,household32,household24,HIT
67.261,household10,household24,HIT
67.273,household18,household24,HIT
67.285,household02,household24,HIT
67.356,household28,household24,HIT
67.414,household08,household24,HIT
67.42,household11,household24,HIT
67.42,household16,household24,HIT
67.506,household31,household24,HIT
67.524,household27,household24,HIT
67.562,household19,household24,HIT
67.623,household21,household24,HIT
67.639,household06,household24,HIT
67.648,household33,household24,HIT
67.648,household34,household24,HIT
67.661,household14,household24,HIT
67.662,household37,household24,HIT
67.684,household29,household24,HIT
67.727,household39,household24,HIT
67.761,household22,household24,HIT
67.83,household26,household24,HIT
67.831,household09,household24,HIT
67.872,household04,household24,HIT
67.887,household35,household24,HIT
67.895,household25,household24,HIT
67.966,household24,household24,HIT
67.996,household13,household24,HIT
68.003,household01,household24,HIT
68.011,household20,household24,HIT
68.051,household40,household24,HIT
68.052,household23,household24,HIT
68.066,household38,household24,HIT
68.067,household30,household24,HIT
68.094,household05,household24,HIT
68.149,household07,household24,HIT
68.186,household17,household24,HIT
68.292,household03,household24,HIT
68.295,household36,household24,HIT
68.31,household32,household24,HIT
68.35,household15,household24,HIT
68.358,household12,household24,HIT
68.377,household10,household24,HIT
68.382,household18,household24,HIT
68.386,household02,household24,HIT
68.431,household11,household24,HIT
68.464,household16,household24,HIT
68.504,household28,household24,HIT
68.53,household08,household24,HIT
68.64,household27,household24,HIT
68.662,household06,household24,HIT
68.692,household14,household24,HIT
68.698,household31,household24,HIT
68.746,household34,household24,HIT
68.75,household19,household24,HIT
68.789,household21,household24,HIT
68.822,household37,household24,HIT
68.837,household33,household24,HIT
68.849,household29,household24,HIT
68.861,household22,household24,HIT
68.921,household39,household24,HIT
68.93,household26,household24,HIT
68.952,household09,household24,HIT
69.013,household35,household24,HIT
69.025,household04,household24,HIT
69.046,household13,household24,HIT
69.077,household25,household24,HIT
69.096,household30,household24,HIT
69.114,household20,household24,HIT
69.125,household01,household24,HIT
69.143,household24,household24,HIT
69.156,household38,household24,HIT
69.159,household40,household24,HIT
69.169,household05,household24,HIT
69.218,household23,household24,HIT
69.28,household07,household24,HIT
69.355,household36,household24,HIT
69.37,household17,household24,HIT
69.412,household18,household24,HIT
69.44,household02,household24,HIT
69.447,household12,household24,HIT
69.478,household03,household24,HIT
69.486,household32,household24,HIT
69.522,household10,household24,HIT
69.522,household15,household24,HIT
69.524,household11,household24,HIT
69.547,household16,household24,HIT
69.599,household28,household24,HIT
69.616,household08,household24,HIT
69.648,household27,household24,HIT
69.765,household34,household24,HIT
69.777,household06,household24,HIT
69.846,household31,household24,HIT
69.871,household19,household24,HIT
69.872,household14,household24,HIT
69.878,household33,household24,HIT
69.887,household21,household24,HIT
69.979,household22,household24,HIT
69.985,household37,household24,HIT
70.028,household26,household24,HIT
70.041,household29,household24,HIT
70.07,household35,household24,HIT
70.083,household39,household24,HIT
70.106,household09,household24,HIT
70.131,household13,household24,HIT
70.144,household20,household24,HIT
70.172,household04,household24,HIT
70.182,household05,household24,HIT
70.186,household24,household24,HIT
70.199,household30,household24,HIT
70.204,household40,household24,HIT
70.229,household25,household24,HIT
70.249,household23,household24,HIT
70.292,household01,household24,HIT
70.346,household38,household24,HIT
70.414,household07,household24,HIT
70.475,household17,household24,HIT
70.493,household02,household24,HIT
70.533,household36,household24,HIT
70.538,household03,household24,HIT
70.549,household12,household24,HIT
70.586,household18,household24,HIT
70.597,household11,household24,HIT
70.604,household15,household24,HIT
70.605,household10,household24,HIT
70.663,household32,household24,HIT
70.71,household28,household24,HIT
70.744,household16,household24,HIT
70.751,household08,household24,HIT
70.812,household27,household24,HIT
70.834,household34,household24,HIT
70.877,household19,household24,HIT
70.918,household33,household24,HIT
70.924,household21,household24,HIT
70.94,household14,household24,HIT
70.942,household06,household24,HIT
70.978,household22,household24,HIT
70.991,household31,household24,HIT
71.07,household37,household24,HIT
71.077,household29,household24,HIT
71.116,household39,household24,HIT
71.145,household26,household24,HIT
71.172,household20,household24,HIT
71.196,household24,household24,HIT
71.208,household13,household24,HIT
71.225,household35,household24,HIT
71.265,household09,household24,HIT
71.271,household23,household24,HIT
71.282,household25,household24,HIT
71.336,household05,household24,HIT
71.338,household30,household24,HIT
71.348,household04,household24,HIT
71.37,household40,household24,HIT
71.424,household01,household24,HIT
71.511,household17,household24,HIT
71.518,household38,household24,HIT
71.525,household07,household24,HIT
71.538,household02,household24,HIT
71.571,household03,household24,HIT
71.637,household10,household24,HIT
71.67,household18,household24,HIT
71.677,household36,household24,HIT
71.701,household12,household24,HIT
71.755,household11,household24,HIT
71.768,household15,household24,HIT
71.77,household32,household24,HIT
71.858,household28,household28,EXPIRED
71.865,household16,household28,HIT
71.893,household08,household28,HIT
71.938,household34,household28,HIT
71.967,household27,household28,HIT
71.987,household22,household28,HIT
72.03,household06,household28,HIT
72.053,household14,household28,HIT
72.054,household19,household28,HIT
72.057,household33,household28,HIT
72.084,household21,household28,HIT
72.088,household29,household28,HIT
72.1,household31,household28,HIT
72.148,household26,household28,HIT
72.157,household39,household28,HIT
72.267,household37,household28,HIT
72.332,household35,household28,HIT
72.338,household23,household28,HIT
72.34,household20,household28,HIT
72.34,household24,household28,HIT
72.353,household09,household28,HIT
72.374,household13,household28,HIT
72.375,household40,household28,HIT
72.391,household25,household28,HIT
72.409,household05,household28,HIT
72.441,household30,household28,HIT
72.465,household04,household28,HIT
72.549,household01,household28,HIT
72.552,household17,household28,HIT
72.58,household07,household28,HIT
72.633,household38,household28,HIT
72.694,household02,household28,HIT
72.704,household36,household28,HIT
72.727,household18,household28,HIT
72.752,household03,household28,HIT
72.752,household10,household28,HIT
72.778,household11,household28,HIT
72.805,household12,household28,HIT
72.891,household28,household28,HIT
72.904,household15,household28,HIT
72.926,household32,household28,HIT
72.927,household16,household28,HIT
72.986,household34,household28,HIT
73.042,household08,household28,HIT
73.12,household22,household28,HIT
73.129,household27,household28,HIT
73.139,household14,household28,HIT
73.139,household29,household28,HIT
73.153,household06,household28,HIT
73.16,household26,household28,HIT
73.182,household21,household28,HIT
73.189,household19,household28,HIT
73.228,household33,household28,HIT
73.24,household31,household28,HIT
73.276,household39,household28,HIT
73.358,household20,household28,HIT
73.365,household35,household28,HIT
73.402,household37,household28,HIT
73.448,household25,household28,HIT
73.454,household23,household28,HIT
73.508,household09,household28,HIT
73.533,household40,household28,HIT
73.542,household13,household28,HIT
73.542,household24,household28,HIT
73.567,household17,household28,HIT
73.593,household05,household28,HIT
73.601,household01,household28,HIT
73.615,household04,household28,HIT
73.63,household30,household28,HIT
73.664,household38,household28,HIT
73.744,household07,household28,HIT
73.776,household36,household28,HIT
73.787,household10,household28,HIT
73.82,household03,household28,HIT
73.82,household11,household28,HIT
73.831,household18,household28,HIT
73.876,household02,household28,HIT
73.938,household15,household28,HIT
73.954,household12,household28,HIT
73.994,household28,household28,HIT
73.997,household32,household28,HIT
74.074,household16,household28,HIT
74.113,household34,household28,HIT
74.13,household27,household28,HIT
74.134,household08,household28,HIT
74.188,household06,household28,HIT
74.204,household21,household28,HIT
74.21,household22,household28,HIT
74.233,household14,household28,HIT
74.246,household33,household28,HIT
74.257,household31,household28,HIT
74.295,household19,household28,HIT
74.298,household26,household28,HIT
74.331,household39,household28,HIT
74.337,household29,household28,HIT
74.377,household35,household28,HIT
74.437,household20,household28,HIT
74.529,household37,household28,HIT
74.609,household25,household28,HIT
74.621,household23,household28,HIT
74.646,household13,household28,HIT
74.653,household05,household28,HIT
74.657,household24,household28,HIT
74.682,household01,household28,HIT
74.694,household30,household28,HIT
74.695,household09,household28,HIT
74.73,household40,household28,HIT
74.743,household17,household28,HIT
74.772,household07,household28,HIT
74.786,household04,household28,HIT
74.821,household38,household28,HIT
74.834,household10,household28,HIT
74.871,household36,household28,HIT
74.885,household18,household28,HIT
74.9,household02,household28,HIT
74.901,household03,household28,HIT
74.933,household11,household28,HIT
75.023,household32,household28,HIT
75.025,household15,household28,HIT
75.1,household16,household28,HIT
75.102,household12,household28,HIT
75.125,household28,household28,HIT
75.161,household08,household28,HIT
75.181,household27,household28,HIT
75.227,household21,household28,HIT
75.269,household31,household28,HIT
75.295,household34,household28,HIT
75.305,household14,household28,HIT
75.331,household19,household28,HIT
75.342,household22,household28,HIT
75.343,household33,household28,HIT
75.373,household06,household28,HIT
75.373,household29,household28,HIT
75.373,household39,household28,HIT
75.425,household35,household28,HIT
75.443,household26,household28,HIT
75.529,household20,household28,HIT
75.557,household37,household28,HIT
75.654,household25,household28,HIT
75.675,household23,household28,HIT
75.703,household24,household28,HIT
75.736,household05,household28,HIT
75.755,household01,household28,HIT
75.795,household13,household28,HIT
75.811,household17,household28,HIT
75.844,household09,household28,HIT
75.87,household30,household28,HIT
75.88,household10,household28,HIT
75.905,household02,household28,HIT
75.91,household38,household28,HIT
75.918,household40,household28,HIT
75.949,household07,household28,HIT
75.973,household04,household28,HIT
75.994,household11,household28,HIT
76.037,household18,household28,HIT
76.06,household36,household28,HIT
76.091,household03,household28,HIT
76.189,household12,household28,HIT
76.189,household15,household28,HIT
76.203,household32,household28,HIT
76.24,household28,household28,HIT
76.277,household16,household28,HIT
76.28,household08,household28,HIT
76.336,household21,household28,HIT
76.339,household27,household28,HIT
76.346,household22,household28,HIT
76.402,household29,household28,HIT
76.404,household33,household28,HIT
76.426,household35,household28,HIT
76.435,household31,household28,HIT
76.478,household19,household28,HIT
76.483,household34,household28,HIT
76.49,household06,household28,HIT
76.504,household14,household28,HIT
76.505,household26,household28,HIT
76.552,household39,household28,HIT
76.676,household37,household28,HIT
76.677,household20,household28,HIT
76.74,household25,household28,HIT
76.765,household23,household28,HIT
76.769,household24,household28,HIT
76.782,household05,household28,HIT
76.827,household17,household28,HIT
76.863,household13,household28,HIT
76.892,household30,household28,HIT
76.923,household01,household28,HIT
76.959,household38,household28,HIT
76.968,household10,household28,HIT
76.972,household09,household28,HIT
76.987,household02,household28,HIT
77.003,household40,household28,HIT
77.045,household04,household28,HIT
77.073,household07,household28,HIT
77.087,household18,household28,HIT
77.102,household03,household28,HIT
77.119,household36,household28,HIT
77.133,household11,household28,HIT
77.261,household15,household28,HIT
77.276,household32,household28,HIT
77.316,household12,household28,HIT
77.329,household28,household28,HIT
77.396,household16,household28,HIT
77.419,household27,household28,HIT
77.42,household22,household28,HIT
77.461,household08,household28,HIT
77.463,household21,household28,HIT
77.485,household35,household28,HIT
77.548,household33,household28,HIT
77.572,household31,household28,HIT
77.576,household29,household28,HIT
77.577,household34,household28,HIT
77.606,household06,household28,HIT
77.625,household19,household28,HIT
77.628,household26,household28,HIT
77.686,household14,household28,HIT
77.712,household39,household28,HIT
77.741,household37,household28,HIT
77.745,household20,household28,HIT
77.846,household24,household24,EXPIRED
77.87,household23,household24,HIT
77.926,household01,household24,HIT
77.935,household25,household24,HIT
77.95,household05,household24,HIT
77.971,household38,household24,HIT
77.999,household17,household24,HIT
78.007,household10,household24,HIT
78.017,household13,household24,HIT
78.043,household30,household24,HIT
78.055,household02,household24,HIT
78.058,household09,household24,HIT
78.109,household03,household24,HIT
78.109,household04,household24,HIT
78.144,household07,household24,HIT
78.175,household40,household24,HIT
78.19,household11,household24,HIT
78.243,household36,household24,HIT
78.263,household18,household24,HIT
78.302,household15,household24,HIT
78.338,household32,household24,HIT
78.384,household28,household24,HIT
78.455,household22,household24,HIT
78.482,household12,household24,HIT
78.504,household27,household24,HIT
78.536,household35,household24,HIT
78.539,household16,household24,HIT
78.586,household33,household24,HIT
78.593,household29,household24,HIT
78.625,household08,household24,HIT
78.659,household21,household24,HIT
78.662,household26,household24,HIT
78.684,household34,household24,HIT
78.702,household14,household24,HIT
78.714,household06,household24,HIT
78.735,household19,household24,HIT
78.74,household31,household24,HIT
78.851,household37,household24,HIT
78.872,household20,household24,HIT
78.893,household39,household24,HIT
78.955,household23,household24,HIT
78.989,household24,household24,HIT
79.017,household01,household24,HIT
79.019,household10,household24,HIT
79.026,household17,household24,HIT
79.039,household25,household24,HIT
79.136,household03,household24,HIT
79.138,household05,household24,HIT
79.142,household38,household24,HIT
79.158,household02,household24,HIT
79.177,household09,household24,HIT
79.19,household13,household24,HIT
79.198,household30,household24,HIT
79.219,household40,household24,HIT
79.267,household04,household24,HIT
79.312,household07,household24,HIT
79.338,household11,household24,HIT
79.367,household18,household24,HIT
79.369,household36,household24,HIT
79.47,household15,household24,HIT
79.494,household12,household24,HIT
79.494,household28,household24,HIT
79.514,household32,household24,HIT
79.544,household27,household24,HIT
79.566,household16,household24,HIT
79.568,household35,household24,HIT
79.603,household22,household24,HIT
79.615,household33,household24,HIT
79.754,household06,household24,HIT
79.759,household29,household24,HIT
79.762,household14,household24,HIT
79.765,household21,household24,HIT
79.771,household19,household24,HIT
79.781,household34,household24,HIT
79.814,household08,household24,HIT
79.831,household31,household24,HIT
79.841,household26,household24,HIT
79.919,household37,household24,HIT
79.956,household39,household24,HIT
79.967,household23,household24,HIT
80.016,household20,household24,HIT
80.055,household24,household24,HIT
80.073,household25,household24,HIT
80.096,household01,household24,HIT
80.141,household05,household24,HIT
80.166,household10,household24,HIT
80.196,household17,household24,HIT
80.217,household02,household24,HIT
80.234,household38,household24,HIT
80.255,household03,household24,HIT
80.283,household40,household24,HIT
80.285,household04,household24,HIT
80.296,household30,household24,HIT
80.318,household09,household24,HIT
80.334,household07,household24,HIT
80.345,household11,household24,HIT
80.356,household13,household24,HIT
80.383,household36,household24,HIT
80.434,household18,household24,HIT
80.528,household12,household24,HIT
80.58,household32,household24,HIT
80.583,household27,household24,HIT
80.605,household15,household24,HIT
80.616,household22,household24,HIT
80.647,household28,household24,HIT
80.677,household35,household24,HIT
80.698,household33,household24,HIT
80.753,household16,household24,HIT
80.772,household06,household24,HIT
80.904,household08,household24,HIT
80.916,household26,household24,HIT
80.932,household37,household24,HIT
80.933,household29,household24,HIT
80.933,household34,household24,HIT
80.937,household14,household24,HIT
80.942,household19,household24,HIT
80.946,household21,household24,HIT
80.947,household31,household24,HIT
81.006,household23,household24,HIT
81.043,household39,household24,HIT
81.13,household01,household24,HIT
81.164,household25,household24,HIT
81.167,household20,household24,HIT
81.208,household05,household24,HIT
81.226,household24,household24,HIT
81.283,household10,household24,HIT
81.292,household04,household24,HIT
81.296,household17,household24,HIT
81.343,household02,household24,HIT
81.405,household40,household24,HIT
81.42,household38,household24,HIT
81.433,household07,household24,HIT
81.437,household13,household24,HIT
81.451,household03,household24,HIT
81.454,household30,household24,HIT
81.474,household11,household24,HIT
81.478,household09,household24,HIT
81.507,household36,household24,HIT
81.559,household18,household24,HIT
81.584,household12,household24,HIT
81.605,household32,household24,HIT
81.633,household22,household24,HIT
81.676,household27,household24,HIT
81.757,household15,household24,HIT
81.813,household28,household24,HIT
81.831,household16,household24,HIT
81.844,household35,household24,HIT
81.893,household33,household24,HIT
81.939,household08,household24,HIT
81.94,household37,household24,HIT
81.951,household21,household24,HIT
81.968,household06,household24,HIT
81.999,household34,household24,HIT
82.018,household19,household24,HIT
82.041,household26,household24,HIT
82.076,household23,household24,HIT
82.085,household31,household24,HIT
82.113,household29,household24,HIT
82.129,household14,household24,HIT
82.167,household39,household24,HIT
82.25,household05,household24,HIT
82.269,household24,household24,HIT
82.277,household25,household24,HIT
82.282,household01,household24,HIT
82.307,household04,household24,HIT
82.318,household20,household24,HIT
82.339,household10,household24,HIT
82.414,household40,household24,HIT
82.429,household02,household24,HIT
82.438,household38,household24,HIT
82.457,household17,household24,HIT
82.465,household03,household24,HIT
82.507,household11,household24,HIT
82.537,household36,household24,HIT
82.543,household07,household24,HIT
82.57,household30,household24,HIT
82.592,household09,household24,HIT
82.604,household13,household24,HIT
82.639,household12,household24,HIT
82.663,household18,household24,HIT
82.718,household27,household24,HIT
82.776,household32,household24,HIT
82.819,household22,household24,HIT
82.845,household15,household24,HIT
82.907,household35,household24,HIT
82.968,household28,household24,HIT
82.971,household08,household24,HIT
82.983,household16,household24,HIT
83.006,household34,household24,HIT
83.028,household37,household24,HIT
83.053,household19,household24,HIT
83.053,household33,household24,HIT
83.074,household26,household24,HIT
83.089,household06,household24,HIT
83.096,household21,household24,HIT
83.144,household31,household24,HIT
83.239,household23,household24,HIT
83.243,household39,household24,HIT
83.284,household29,household24,HIT
83.3,household14,household24,HIT
83.321,household01,household24,HIT
83.35,household04,household24,HIT
83.37,household25,household24,HIT
83.382,household24,household24,HIT
83.386,household05,household24,HIT
83.433,household10,household24,HIT
83.5,household02,household24,HIT
83.505,household40,household24,HIT
83.518,household20,household24,HIT
83.612,household17,household24,HIT
83.622,household30,household24,HIT
83.633,household38,household24,HIT
83.639,household11,household24,HIT
83.642,household09,household24,HIT
83.646,household03,household24,HIT
83.697,household36,household24,HIT
83.714,household07,household24,HIT
83.724,household13,household24,HIT
83.755,household12,household24,HIT
83.762,household18,household24,HIT
83.767,household27,household24,HIT
83.875,household22,household22,EXPIRED
83.915,household15,household22,HIT
83.933,household32,household22,HIT
83.976,household08,household22,HIT
83.996,household28,household22,HIT
84.01,household34,household22,HIT
84.015,household16,household22,HIT
84.037,household35,household22,HIT
84.124,household21,household22,HIT
84.131,household33,household22,HIT
84.141,household19,household22,HIT
84.157,household26,household22,HIT
84.19,household37,household22,HIT
84.277,household06,household22,HIT
84.298,household31,household22,HIT
84.344,household23,household22,HIT
84.344,household29,household22,HIT
84.366,household14,household22,HIT
84.418,household01,household22,HIT
84.427,household39,household22,HIT
84.429,household25,household22,HIT
84.469,household10,household22,HIT
84.484,household04,household22,HIT
84.502,household24,household22,HIT
84.512,household02,household22,HIT
84.537,household05,household22,HIT
84.624,household17,household22,HIT
84.626,household30,household22,HIT
84.674,household11,household22,HIT
84.677,household40,household22,HIT
84.678,household20,household22,HIT
84.685,household09,household22,HIT
84.704,household03,household22,HIT
84.705,household36,household22,HIT
84.738,household38,household22,HIT
84.807,household27,household22,HIT
84.82,household13,household22,HIT
84.884,household12,household22,HIT
84.896,household18,household22,HIT
84.906,household07,household22,HIT
85.04,household34,household22,HIT
85.063,household22,household22,HIT
85.074,household16,household22,HIT
85.091,household28,household22,HIT
85.106,household32,household22,HIT
85.114,household15,household22,HIT
85.124,household08,household22,HIT
85.158,household33,household22,HIT
85.191,household35,household22,HIT
85.286,household37,household22,HIT
85.296,household26,household22,HIT
85.3,household19,household22,HIT
85.302,household06,household22,HIT
85.322,household21,household22,HIT
85.337,household31,household22,HIT
85.424,household29,household22,HIT
85.447,household25,household22,HIT
85.468,household23,household22,HIT
85.503,household39,household22,HIT
85.508,household24,household22,HIT
85.542,household14,household22,HIT
85.575,household04,household22,HIT
85.605,household10,household22,HIT
85.617,household01,household22,HIT
85.698,household02,household22,HIT
85.732,household05,household22,HIT
85.735,household03,household22,HIT
85.753,household30,household22,HIT
85.778,household17,household22,HIT
85.789,household36,household22,HIT
85.799,household11,household22,HIT
85.812,household09,household22,HIT
85.834,household13,household22,HIT
85.854,household20,household22,HIT
85.859,household40,household22,HIT
85.905,household38,household22,HIT
85.926,household07,household22,HIT
85.969,household18,household22,HIT
85.979,household12,household22,HIT
85.983,household27,household22,HIT
86.17,household15,household22,HIT
86.171,household32,household22,HIT
86.186,household28,household22,HIT
86.217,household16,household22,HIT
86.219,household08,household22,HIT
86.235,household34,household22,HIT
86.246,household22,household22,HIT
86.288,household33,household22,HIT
86.301,household35,household22,HIT
86.344,household21,household22,HIT
86.394,household06,household22,HIT
86.43,household26,household22,HIT
86.44,household37,household22,HIT
86.475,household19,household22,HIT
86.484,household31,household22,HIT
86.536,household23,household22,HIT
86.57,household39,household22,HIT
86.579,household29,household22,HIT
86.588,household25,household22,HIT
86.64,household10,household22,HIT
86.683,household14,household22,HIT
86.696,household24,household22,HIT
86.72,household01,household22,HIT
86.728,household04,household22,HIT
86.789,household30,household22,HIT
86.835,household13,household22,HIT
86.85,household36,household22,HIT
86.853,household05,household22,HIT
86.861,household03,household22,HIT
86.883,household02,household22,HIT
86.902,household17,household22,HIT
86.939,household40,household22,HIT
86.949,household11,household22,HIT
86.968,household09,household22,HIT
86.971,household38,household22,HIT
86.995,household20,household22,HIT
87.095,household18,household22,HIT
87.115,household12,household22,HIT
87.121,household07,household22,HIT
87.141,household27,household22,HIT
87.234,household15,household22,HIT
87.242,household16,household22,HIT
87.261,household28,household22,HIT
87.292,household32,household22,HIT
87.355,household08,household22,HIT
87.368,household33,household22,HIT
87.403,household34,household22,HIT
87.431,household22,household22,HIT
87.469,household37,household22,HIT
87.486,household35,household22,HIT
87.503,household31,household22,HIT
87.523,household21,household22,HIT
87.546,household06,household22,HIT
87.577,household26,household22,HIT
87.616,household19,household22,HIT
87.64,household23,household22,HIT
87.66,household10,household22,HIT
87.687,household25,household22,HIT
87.706,household39,household22,HIT
87.778,household29,household22,HIT
87.787,household24,household22,HIT
87.797,household01,household22,HIT
87.829,household14,household22,HIT
87.867,household05,household22,HIT
87.907,household04,household22,HIT
87.912,household02,household22,HIT
87.923,household30,household22,HIT
87.952,household17,household22,HIT
87.957,household13,household22,HIT
87.99,household03,household22,HIT
87.99,household40,household22,HIT
88.025,household11,household22,HIT
88.029,household36,household22,HIT
88.089,household38,household22,HIT
88.107,household20,household22,HIT
88.145,household09,household22,HIT
88.167,household07,household22,HIT
88.185,household27,household22,HIT
88.187,household18,household22,HIT
88.285,household12,household22,HIT
88.317,household32,household22,HIT
88.399,household15,household22,HIT
88.402,household16,household22,HIT
88.406,household28,household22,HIT
88.461,household08,household22,HIT
88.472,household22,household22,HIT
88.505,household33,household22,HIT
88.514,household35,household22,HIT
88.575,household34,household22,HIT
88.582,household31,household22,HIT
88.613,household37,household22,HIT
88.635,household21,household22,HIT
88.667,household19,household22,HIT
88.709,household39,household22,HIT
88.718,household23,household22,HIT
88.736,household06,household22,HIT
88.745,household26,household22,HIT
88.747,household10,household22,HIT
88.784,household29,household22,HIT
88.789,household24,household22,HIT
88.877,household01,household22,HIT
88.884,household25,household22,HIT
88.918,household14,household22,HIT
88.988,household13,household22,HIT
89.024,household02,household22,HIT
89.044,household30,household22,HIT
89.053,household05,household22,HIT
89.072,household03,household22,HIT
89.095,household04,household22,HIT
89.119,household11,household22,HIT
89.128,household40,household22,HIT
89.145,household17,household22,HIT
89.154,household09,household22,HIT
89.172,household36,household22,HIT
89.196,household38,household22,HIT
89.198,household27,household22,HIT
89.214,household20,household22,HIT
89.354,household07,household22,HIT
89.376,household18,household22,HIT
89.382,household32,household22,HIT
89.48,household12,household22,HIT
89.483,household22,household22,HIT
89.484,household16,household22,HIT
89.559,household28,household22,HIT
89.563,household15,household22,HIT
89.598,household34,household22,HIT
89.623,household33,household22,HIT
89.639,household35,household22,HIT
89.654,household08,household22,HIT
89.696,household21,household22,HIT
89.707,household37,household22,HIT
89.741,household06,household22,HIT
89.748,household31,household22,HIT
89.759,household26,household22,HIT
89.761,household19,household22,HIT
89.783,household39,household39,EXPIRED
89.819,household23,household39,HIT
89.819,household24,household39,HIT
89.887,household25,household39,HIT
89.9,household10,household39,HIT
89.907,household29,household39,HIT
89.987,household01,household39,HIT
